Cruise,Date,Day,Month,Year,Day of Year,Decimal Year,ID,Site,Depth [m],Latitude,Longitude,Temperature [°C],Salinity [ppt],DO [µM],DIC [umol/kg],TA [umol/kg],Bacteria x108  cells/L,Cyanobacteria x108  cells/L,BP (pmol/L/hour),DOC (uM C),TOC (uM C),TDAA (µM C),Phosphate (µM),Silicate (µM),Nitrite (µM),Nitrite + Nitrate (µM),Nitrate (µM),Ammonia (µM),pH ,fCO2 (microatm),pCO2 (microatm),CO3 (micromol/kgSW),HCO3 (micromol/kgSW),CO2 (micromol/kgSW),B Alk (micromol/kgSW),OH (micromol/kgSW),Revelle ,Ω Ca ,Ω Ar ,cbbL,amoA,Nitrosopumilales,Chlorobiales,Flavobacteriales,SAR11,SAR202,Syn
27,23/01/2018,23,1,2018,22,2018.06,5,DH surface,1,32.32421,-64.71849,18.8,36.3183,165.90625,2079.069061,2356.643739,12.51,0.525630644,,,,,0,2.194037926,0.028286821,2.322264139,2.293977319,0.609773272,8.061,393.436,394.795,198.901,1867.077,13.091,87.681,4.093,10.156,4.705,3.054,,,,,,,,
27,23/01/2018,23,1,2018,22,2018.06,6,DH 6,5,32.32421,-64.71849,18.7,36.33,165.9375,2075.896948,2354.761563,12.16,0.622298348,,,,,0,2.233222801,0.046061741,2.163658134,2.117596393,0.061882079,8.065,388.866,390.211,199.588,1863.334,12.975,88.168,4.092,10.124,4.717,3.062,,,,,,,,
27,23/01/2018,23,1,2018,22,2018.06,7,DH 7,10,32.32421,-64.71849,18.6,36.35,165.625,2074.672271,2354.323385,12.41,0.573964496,,,,,0,1.977436397,0.04301277,1.794270244,1.751257474,0.082226913,8.067,385.855,387.192,199.992,1861.771,12.91,88.497,4.081,10.111,4.722,3.064,,,,,,,,
27,23/01/2018,23,1,2018,22,2018.06,8,DH 8,15,32.32421,-64.71849,18.6,36.35,166.25,2080.303776,2356.21552,12.59,0.489380254,,,,,0,6.035746009,0,1.865065848,1.865065848,0.193543797,8.06,393.572,394.935,197.667,1869.469,13.168,87.405,4.017,10.186,4.664,3.026,,,,,,,,
27,23/01/2018,23,1,2018,22,2018.06,9,DH 9,20,32.32421,-64.71849,18.6,36.3565,165.28125,2083.536118,2356.504319,12.83,0.501463717,,,,,0,1.928383352,0.024843513,1.795259704,1.770416191,0.188029516,8.055,399.435,400.818,195.79,1874.382,13.364,86.583,3.968,10.245,4.615,2.995,,,,,,,,
27,23/01/2018,23,1,2018,22,2018.06,10,DH 10,22,32.32421,-64.71849,18.6,36.36,156.5625,2087.591605,2355.349121,10.71,0.567922764,,,,,0,1.895878212,0.039379262,1.818291039,1.778911777,0.190126899,8.046,409.481,410.899,192.434,1881.458,13.699,85.146,3.885,10.349,4.535,2.943,,,,,,,,
27,23/01/2018,23,1,2018,22,2018.06,11,DH 11,23,32.32421,-64.71849,18.6,36.36,156.875,2081.11688,2358.806678,11,0.495421986,,,,,0,2.062250185,0.00176745,1.821695257,1.819927806,0.215229255,8.063,391.071,392.425,198.864,1869.169,13.084,87.877,4.042,10.162,4.685,3.041,,,,,,,,
27,23/01/2018,23,1,2018,22,2018.06,12,DH bottom,24.5,32.32421,-64.71849,18.6,36.3591,163.9375,2079.892204,2361.188889,7.73,0.344378698,,,,,0,5.567221295,0.004503721,1.784688199,1.780184478,0.283297655,8.069,385.019,386.353,201.243,1865.768,12.881,88.846,4.098,10.098,4.74,3.076,,,,,,,,
28,15/02/2018,15,2,2018,44,2018.12,5,DH surface,1,32.32421,-64.71849,20.2,36.1002,171.21875,2062.228769,2348.660803,7.44,0.193335409,,65.79046757,,,0,0.593614826,0.034607064,1.597009059,1.562401995,0.201421917,8.058,393.767,395.103,205.135,1844.478,12.615,89.295,4.627,9.957,4.866,3.169,,,,,,,,
28,15/02/2018,15,2,2018,44,2018.12,6,DH 6,5,32.32421,-64.71849,19.9,36.14,171.5625,2064.034776,2351.204687,6.43,0.084584242,,65.16301659,,,0,0.395318533,0.009999548,1.572831352,1.562831803,0.481525477,8.063,388.89,390.215,205.509,1845.965,12.56,89.676,4.555,9.953,4.869,3.169,,,,,,,,
28,15/02/2018,15,2,2018,44,2018.12,7,DH 7,10,32.32421,-64.71849,19,36.4,179.6875,2067.79729,2363.483027,8.66,0.229585798,,65.7747813,,,0,0.208853167,0.004383429,0.869795856,0.865412427,0.215905985,8.087,366.335,367.598,210.706,1844.975,12.116,92.667,4.436,9.834,4.975,3.231,,,,,,,,
28,15/02/2018,15,2,2018,44,2018.12,8,DH 8,15,32.32421,-64.71849,18.2,36.43,178.4375,2074.539714,2364.118998,9.49,0.108751168,,68.18262443,,,0,0.456006269,0,0.543696977,0.543696977,0.176913295,8.088,365.614,366.887,206.408,1855.765,12.367,91.419,4.128,9.957,4.866,3.154,,,,,,,,
28,15/02/2018,15,2,2018,44,2018.12,9,DH 9,20,32.32421,-64.71849,18.2,36.4294,172.3125,2081.221939,2364.416468,8.74,0.181251946,,66.25713424,,,0,10.71738689,0,0.542460314,0.542460314,0.599748223,8.077,377.107,378.42,202.329,1866.137,12.756,89.607,4.024,10.075,4.766,3.09,,,,,,,,
28,15/02/2018,15,2,2018,44,2018.12,10,DH 10,22,32.32421,-64.71849,18.1,36.44,168.125,2085.034619,2365.688409,8.48,0.120834631,,69.48066365,,,0,1.785727581,0,0.505735142,0.505735142,0.568219961,8.074,380.739,382.066,200.695,1871.425,12.915,88.925,3.957,10.126,4.725,3.063,,,,,,,,
28,15/02/2018,15,2,2018,44,2018.12,11,DH 11,23,32.32421,-64.71849,18.1,36.43,168.75,2079.235332,2367.380912,9.88,0.145001557,,66.05321267,,,0,1.761296687,0,0.559187245,0.559187245,0.618897826,8.086,367.619,368.9,205.547,1861.217,12.471,91.001,4.076,9.992,4.839,3.137,,,,,,,,
28,15/02/2018,15,2,2018,44,2018.12,12,DH bottom,24.5,32.32421,-64.71849,18.1,36.4301,169.5,2087.753663,2374.745865,12.51,0.120834631,,64.63360483,,,0,1.927957513,0,0.558548391,0.558548391,0.703269767,8.083,371.973,373.27,205.069,1870.067,12.618,90.503,4.047,10.033,4.826,3.129,,,,,,,,
29,20/03/2018,20,3,2018,79,2018.22,5,DH surface,1,32.32421,-64.71849,17.7,36.2325,169.84375,2083.957501,2367.003944,9.28,0.477296791,,65.7747813,,,,,,,,,8.087,368.746,370.037,202.358,1868.935,12.667,89.449,3.909,10.097,4.787,3.098,,,,,,,,
29,20/03/2018,20,3,2018,79,2018.22,6,DH 6,5,32.32421,-64.71849,17.6,36.24,180.625,2083.43599,2368.08315,9.47,0.592089691,,69.70027149,,,0,4.019170357,0,0.666639758,0.666639758,0.068162194,8.091,364.801,366.08,203.358,1867.515,12.567,89.949,3.908,10.069,4.807,3.111,,,,,,,,
29,20/03/2018,20,3,2018,79,2018.22,7,DH 7,10,32.32421,-64.71849,17.6,36.26,176.875,2080.507506,2366.250536,8.36,0.664590469,,68.94733032,,,0,1.013289055,0,0.460983945,0.460983945,0,8.093,362.471,363.742,203.964,1864.061,12.485,90.343,3.927,10.043,4.816,3.117,,,,,,,,
29,20/03/2018,20,3,2018,79,2018.22,8,DH 8,15,32.32421,-64.71849,17.6,36.28,172.5,2086.083661,2368.500579,10.29,0.676673932,,70.82184012,,,0,1.045086849,0.003603507,0.605099948,0.608703455,0,8.086,369.217,370.512,201.887,1871.476,12.716,89.386,3.871,10.113,4.763,3.083,,,,,,,,
29,20/03/2018,20,3,2018,79,2018.22,9,DH 9,20,32.32421,-64.71849,17.6,36.2826,168.46875,2084.910261,2369.498335,9.71,0.803550294,,71.37870287,,,0,1.028741651,0,0.606907664,0.606907664,0,8.09,365.664,366.947,203.296,1869.021,12.594,89.993,3.904,10.075,4.792,3.102,,,,,,,,
29,20/03/2018,20,3,2018,79,2018.22,10,DH 10,22,32.32421,-64.71849,17.6,36.29,167.5,2087.46767,2375.623685,8.76,0.47125506,,68.47282051,,,0,2.126964391,0,0.638684135,0.638684135,0.002184214,8.095,361.369,362.636,205.781,1869.244,12.446,90.873,3.951,10.025,4.849,3.139,,,,,,,,
29,20/03/2018,20,3,2018,79,2018.22,11,DH 11,23,32.32421,-64.71849,17.6,36.29,159.375,2086.51491,2375.185171,9.73,0.265836188,,70.22576169,,,0,1.116269492,0,0.650379374,0.650379374,0.036398133,8.096,360.314,361.578,206.102,1867.998,12.409,91.036,3.96,10.016,4.855,3.143,,,,,,,,
29,20/03/2018,20,3,2018,79,2018.22,12,DH bottom,24.5,32.32421,-64.71849,17.6,36.2947,164.96875,2082.322765,2393.245826,8.32,0.54979757,,68.17085973,,,0,5.473612586,0,0.654586369,0.654586369,0.158837158,8.13,329.451,330.606,221.075,1849.899,11.346,96.919,4.289,9.673,5.207,3.371,,,,,,,,
30,09/04/2018,9,4,2018,98,2018.27,5,DH surface,1,32.32421,-64.71849,20.2,36.29,166.59375,2076.084692,2369.507667,9.87,0.531672375,,75.61399698,78.34340875,,0,0.16759668,0,0.096225788,0.096225788,0.081653315,8.065,389.589,390.912,210.178,1853.434,12.469,91.017,4.712,9.878,4.978,3.243,,,,,,,,
30,09/04/2018,9,4,2018,98,2018.27,6,DH 6,5,32.32421,-64.71849,20.1,36.2,165.625,2078.792537,2371.42365,11.66,0.912301462,,76.40223228,77.14733032,,0,0.162696355,0,0.066849737,0.066849737,0.010293177,8.066,389.186,390.508,209.773,1856.521,12.496,90.69,4.672,9.902,4.968,3.235,,,,,,,,
30,09/04/2018,9,4,2018,98,2018.27,7,DH 7,10,32.32421,-64.71849,19.6,36.27,172.5,2080.087625,2374.149634,11.87,0.767299905,,75.01791855,76.93948718,,0,0.314466504,0,0,0,0.022697424,8.075,380.396,381.697,210.468,1857.242,12.38,91.424,4.556,9.885,4.976,3.237,,,,,,,,
30,09/04/2018,9,4,2018,98,2018.27,8,DH 8,15,32.32421,-64.71849,18,36.345,178.125,2086.519199,2374.363388,11.1,1.111678603,,78.22184012,77.96301659,,0,1.08075205,0,0,0,1.7022425,8.088,368.04,369.324,205.671,1868.323,12.526,90.663,4.041,10.018,4.851,3.143,,,,,,,,
30,09/04/2018,9,4,2018,98,2018.27,9,DH 9,20,32.32421,-64.71849,17.8,36.3448,165.90625,2092.970841,2374.210707,13.47,0.54979757,,75.01007541,75.55517345,,0,1.84285733,0,0,0,0.075463172,8.079,376.801,378.119,201.344,1878.728,12.899,88.914,3.889,10.146,4.744,3.073,,,,,,,,
30,09/04/2018,9,4,2018,98,2018.27,10,DH 10,22,32.32421,-64.71849,17.8,36.345,165.9375,2094.024375,2377.702014,13.23,0.688757395,,72.45713424,77.43360483,,0,2.086786298,0,0,0,0.110518758,8.083,373.465,374.772,203.02,1878.216,12.784,89.53,3.923,10.109,4.782,3.097,,,,,,,,
30,09/04/2018,9,4,2018,98,2018.27,11,DH 11,23,32.32421,-64.71849,17.8,36.345,162.5,2095.740131,2378.842032,13.51,0.725007784,,77.25713424,77.25713424,,0,2.25127447,0,0,0,0.265980126,8.082,374.867,376.179,202.687,1880.221,12.832,89.341,3.912,10.122,4.774,3.092,,,,,,,,
30,09/04/2018,9,4,2018,98,2018.27,12,DH bottom,24.5,32.32421,-64.71849,17.8,36.3452,160.90625,2098.268613,2398.395385,14.4,1.625225783,,73.7238009,77.89634992,,0.04178605,2.732534285,0.016214707,0.004587343,0,0.395264422,8.108,351.379,352.608,214.322,1871.919,12.028,93.689,4.155,9.866,5.046,3.268,,,,,,,,
31,16/05/2018,16,5,2018,135,2018.37,5,DH surface,1,32.32421,-64.71849,25.3,36.5241,157.21875,2077.26881,2386.806054,10.05,0.765285995,,76.07356375,76.07356375,,0.00262589,1.239301234,6.63E-05,0.765144719,0.765078439,0.250541616,8.006,451.969,453.41,223.529,1841.105,12.635,92.069,6.585,9.575,5.314,3.513,11353.47496,1.222285939,11,0,11275,13208,0,8228
31,16/05/2018,16,5,2018,135,2018.37,6,DH 6,5,32.32421,-64.71849,24.9,36.56,144.6875,2076.500035,2384.774054,9.63,0.946537941,,73.53951357,76.30295443,,0.001500799,1.239301234,6.63E-05,0.564017245,0.563950965,0.143495812,8.01,447.13,448.562,222.37,1841.506,12.624,92.119,6.418,9.593,5.279,3.486,6044.675457,1.046431457,10,0,11150,11721,0,7943
31,16/05/2018,16,5,2018,135,2018.37,7,DH 7,10,32.32421,-64.71849,24.7,36.56,154.0625,2074.373425,2382.913063,9.34,0.714938232,,74.41406554,74.30295443,,0.00262589,0.704027755,6.63E-05,0.551804512,0.551738233,0.194335893,8.014,442.339,443.76,222.35,1839.472,12.552,92.391,6.361,9.585,5.273,3.481,13819.23,1.843418058,5,0,8596,8969,0,6268
31,16/05/2018,16,5,2018,135,2018.37,8,DH 8,15,32.32421,-64.71849,22.6,36.5,153.4375,2080.22662,2385.256905,9.77,0.986816151,,77.78324117,77.78324117,,0.00262589,0.967338421,6.63E-05,0.386440454,0.386374174,0.368796956,8.042,413.84,415.204,219.139,1848.686,12.402,92.703,5.6,9.681,5.182,3.399,,,0,0,8669,7506,0,6850
31,16/05/2018,16,5,2018,135,2018.37,9,DH 9,20,32.32421,-64.71849,20.9,36.4,160.125,2087.940045,2383.325499,10.81,1.157998544,,80.54668203,82.89793651,,0.021814389,1.12376587,6.63E-05,0.003717995,0.003651716,0.13355689,8.053,402.788,404.143,212.109,1863.192,12.639,91.012,4.913,9.866,5.008,3.269,379.41,79.35301278,31,7,8369,8327,0,8805
31,16/05/2018,16,5,2018,135,2018.37,10,DH 10,22,32.32421,-64.71849,20.5,36.39,156.875,2090.417932,2383.385855,9.43,1.067372571,,77.22410138,89.74739887,,0.008350607,0.934460697,6.63E-05,0.084596011,0.084529731,0.430871863,8.056,400.833,402.189,210.375,1867.326,12.717,90.561,4.758,9.916,4.964,3.237,3851.75,5.94775248,26,145,18858,12402,0,7287
31,16/05/2018,16,5,2018,135,2018.37,11,DH 11,23,32.32421,-64.71849,20.3,36.4175,162.1875,2096.772515,2391.684868,19.59,1.450015569,,84.55026626,94.41406554,,0.025111878,0.689298733,6.63E-05,0.003717995,0.003651716,0.290505157,8.06,397.041,398.387,211.797,1872.312,12.664,91.064,4.724,9.904,4.995,3.256,3956.850667,44.66003888,17,176,18726,12376,0,7038
31,16/05/2018,16,5,2018,135,2018.37, , ,24,32.32421,-64.71849,20.1,36.41,159.375,,,26.94,,,94.23126984,107.9875422,,0.020218187,0.561807622,6.63E-05,0.003717995,0.003651716,0.225142953,,,,,,,,,,,,,,,,,,,
31,16/05/2018,16,5,2018,135,2018.37,12,DH bottom,24.5,32.32421,-64.71849,20,36.4309,160,2101.768256,2387.721461,26.9360531,1.470154674,,,,,,,,,,,8.05,408.127,409.516,205.747,1882.897,13.124,88.851,4.488,10.059,4.849,3.158,15868.11692,3.134755327,14,90,15934,9981,0,5949
32,11/06/2018,11,6,2018,160,2018.44,5,DH surface,1,32.32421,-64.71849,27.5,36.5095,147.15625,2043.180635,2362.644441,30.11,4.873663439,,80.94094726,80.94094726,,0.035290867,1.19801201,6.63E-05,0.236864471,0.236798192,0.203392902,7.99,461.125,462.557,230.174,1800.794,12.213,93.796,7.718,9.326,5.49,3.655,2897.23,,0,0,9325,8421,0,3797
32,11/06/2018,11,6,2018,160,2018.44,6,DH 6,5,32.32421,-64.71849,27.4,36.51,138.75,2043.640597,2361.554918,25.95,2.718779191,,92.12732719,92.12732719,,0.050559053,1.413038652,6.63E-05,0.18517585,0.18510957,0.169536299,7.989,462.129,463.565,229.066,1802.305,12.27,93.49,7.638,9.348,5.459,3.634,5241.15,12.88841774,0,0,12476,11308,2,4502
32,11/06/2018,11,6,2018,160,2018.44,7,DH 7,10,32.32421,-64.71849,27.2,36.6,145,2049.910077,2363.863906,25.88,3.614969369,,80.25635945,80.25635945,,0.037838247,1.595608349,6.63E-05,0.139060783,0.138994504,0.171345665,7.985,468.847,470.308,226.393,1811.014,12.503,92.636,7.438,9.415,5.386,3.583,6342.80,3.169854081,5,0,11012,10168,0,4442
32,11/06/2018,11,6,2018,160,2018.44,8,DH 8,15,32.32421,-64.71849,26.2,36.6,141.5625,2063.498951,2370.600953,23.7,4.390324916,,82.6900512,82.6900512,,0.110406795,1.48765711,6.63E-05,0.003717995,0.003651716,0.10304184,7.989,467.94,469.415,221.694,1829.018,12.787,91.335,6.871,9.556,5.263,3.49,,,11,0,10025,9125,0,4635
32,11/06/2018,11,6,2018,160,2018.44,9,DH 9,20,32.32421,-64.71849,22.3,36.4347,121.21875,2153.711473,2400.33792,48.89,5.377141067,,89.53951357,89.53951357,,0.097812991,3.977839232,6.63E-05,0.003717995,0.003651716,0.255987494,7.943,548.21,550.023,182.313,1954.833,16.565,76.552,4.338,10.848,4.309,2.824,5779.87,70.48926377,17,0,9133,8216,0,4266
32,11/06/2018,11,6,2018,160,2018.44,10,DH 10,22,32.32421,-64.71849,21.7,36.413,71.5625,2242.484114,2419.839372,55.73,3.473995633,,96.18467486,99.35671787,,0.078871977,13.59654151,0.020913679,0.121162855,0.100249176,7.665438918,7.812,786.072,788.692,139.998,2078.348,24.138,58.476,3.035,12.707,3.306,2.163,5570.13,62.75125732,103,85,8597,10399,37,2633
32,11/06/2018,11,6,2018,160,2018.44,11,DH 11,23,32.32421,-64.71849,21.5,36.403,46.875,2278.611119,2428.435604,54.6,2.839613822,,97.48575013,105.1416641,,0.088139571,19.41120292,0.050208477,0.109439798,0.059231321,9.351148425,7.753,920.594,923.669,124.006,2126.182,28.423,51.659,2.6,13.582,2.928,1.915,2630.38,99.19784864,148,47,10447,12952,31,1716
32,11/06/2018,11,6,2018,160,2018.44,12,DH bottom,24.5,32.32421,-64.71849,21.3,36.3926,26.125,2327.547063,2443.379054,59.81,1.374493924,,,,,0.123182989,29.26188414,6.63E-05,0.153545626,0.153479347,14.84335064,7.673,1136.346,1140.151,105.347,2186.925,35.275,43.658,2.125,14.723,2.487,1.625,1361.71,97.18885321,187,57,7706,8336,13,654
33,25/06/2018,25,6,2018,174,2018.48,5,DH surface,1,32.32421,-64.71849,28.2,36.5462,145.71875,2035.470162,2342.606877,29.76,2.809405164,,91.39862637,,,0.033804399,0.297124992,6.63E-05,0.377383362,0.377317082,0.223329736,7.967,487.342,488.842,222.909,1799.851,12.711,90.353,7.739,9.449,5.335,3.559,5133.062457,1.456709545,0,0,20031,19139,0,8026
33,25/06/2018,25,6,2018,174,2018.48,6,DH 6,5,32.32421,-64.71849,28,36.54,145.625,2035.911594,2341.41836,24.22,1.480224226,,82.18830891,,,0.041869406,0.276004315,6.63E-05,0.406402983,0.406336704,0.194335893,7.97,483.404,484.896,222.928,1800.316,12.668,90.547,7.666,9.451,5.331,3.554,11952.65019,2.06489982,5,0,23380,22276,0,7576
33,25/06/2018,25,6,2018,174,2018.48,7,DH 7,10,32.32421,-64.71849,27.7,36.54,156.25,2034.968536,2342.813007,24.42,1.933354092,,94.16053114,,,0.028280035,0.182681761,6.63E-05,0.140715372,0.140649092,0.19252488,7.978,473.904,475.371,224.037,1798.423,12.508,91.279,7.603,9.427,5.351,3.564,8461.77,0.880228694,0,0,18296,17802,2,9139
33,25/06/2018,25,6,2018,174,2018.48,8,DH 8,15,32.32421,-64.71849,27.2,36.52,146.875,2048.78049,2339.708987,23.71,4.153690431,,83.50973748,,,0.053099995,0.259763077,6.63E-05,0.257641003,0.257574724,0.246911679,7.958,501.462,503.024,212.793,1822.59,13.397,87.136,6.959,9.705,5.075,3.375,,,28,0,25084,22709,0,8387
33,25/06/2018,25,6,2018,174,2018.48,9,DH 9,20,32.32421,-64.71849,22.6,36.4419,75.59375,2223.507312,2413.941775,35.77,2.235440668,,94.9224359,,,0.048017039,8.547872941,0.057618105,0.321424803,0.263806698,3.204112543,7.83,748.608,751.075,148.272,2052.759,22.476,61.234,3.419,12.3,3.514,2.304,2376.32,95.21074526,63,0,8796,11089,18,2435
33,25/06/2018,25,6,2018,174,2018.48,10,DH 10,22,32.32421,-64.71849,22.2,36.4,21.5625,2325.598731,2444.491506,41.87,3.262535029,,99.48195971,,,0.113341488,23.65189293,0.345516474,0.582572049,0.237055575,13.1680286,7.67,1147.458,1151.258,107.53,2183.25,34.819,43.921,2.283,14.597,2.547,1.668,2830.70,997.3932129,969,130,13107,20788,0,1042
33,25/06/2018,25,6,2018,174,2018.48,11,DH 11,23,32.32421,-64.71849,21.9,36.39,10.3125,2352.091063,2449.380268,53.37,2.205232011,,94.08910256,,,0.114598767,28.48616452,0.79237205,0.928582831,0.136210781,15.8146236,7.62,1306.288,1310.63,96.05,2216.083,39.959,39.245,1.977,15.3,2.274,1.488,1104.72,592.0285389,2199,181,13915,15350,33,1056
33,25/06/2018,25,6,2018,174,2018.48,12,DH bottom,24.5,32.32421,-64.71849,21.6,36.4021,4.375,2379.628219,2470.182653,61.42,1.903145434,,91.96211844,,,0.156146479,32.53342961,0.21989617,0.335831297,0.115935128,20.22929548,7.605,1365.679,1370.235,93.031,2244.485,42.112,37.8,1.861,15.56,2.201,1.439,1505.05,2443.79079,1508,130,12413,9807,159,783
34,12/07/2018,12,7,2018,191,2018.52,5,DH surface,1,32.32421,-64.71849,28.4,36.4883,145.28125,2011.278429,2336.15111,38.06,4.697446269,302.5163162,91.68830891,91.68830891,,0.075920171,1.255825198,6.63E-05,0.021005028,0.020938748,0.145720321,7.989,454.46,455.856,233.153,1766.342,11.785,95.193,8.319,9.169,5.572,3.721,15268.90,2.328687519,9,10,11712,17898,0,9078
34,12/07/2018,12,7,2018,191,2018.52,6,DH 6,5,32.32421,-64.71849,28.3,36.48,144.0625,2010.698553,2336.560998,31.87,4.95421986,337.2598621,93.68830891,93.68830891,,0.049711834,0.942678355,6.63E-05,0.003717995,0.003651716,0.070865617,7.992,450.702,452.088,233.756,1765.229,11.716,95.524,8.307,9.159,5.583,3.727,6398.413602,1.082409513,0,0,9827,12463,0,7237
34,12/07/2018,12,7,2018,191,2018.52,7,DH 7,10,32.32421,-64.71849,28.2,36.48,132.5,2014.957639,2331.682332,27.19,4.304733719,265.1736803,94.16053114,94.16053114,,0.05606307,1.33024154,6.63E-05,0.003717995,0.003651716,0.091197502,7.98,466.091,467.526,227.611,1775.204,12.144,93.259,8.005,9.282,5.431,3.625,10908.96,3.581933361,12,3,9429,12719,0,6307
34,12/07/2018,12,7,2018,191,2018.52,8,DH 8,15,32.32421,-64.71849,28.1,36.49,127.8125,2022.553842,2334.277508,28.77,4.0328558,302.8339609,92.97799145,92.97799145,,0.047381367,1.156752335,0.012185202,0.381262452,0.36907725,0.286438336,7.973,476.319,477.787,224.432,1785.678,12.44,91.938,7.81,9.368,5.35,3.57,,,829,21,9161,9446,70,5667
34,12/07/2018,12,7,2018,191,2018.52,9,DH 9,20,32.32421,-64.71849,23.3,36.4292,21.25,2321.80624,2446.857059,59.66,0.966677046,297.7642775,99.83910256,99.83910256,,0.106211841,10.29037405,2.915664808,3.443661577,0.527996769,6.845619377,7.666,1159.716,1163.505,111.483,2176.191,34.136,45.214,2.511,14.317,2.638,1.734,3962.28,5762.40482,7653,137,9522,16003,638,1465
34,12/07/2018,12,7,2018,191,2018.52,10,DH 10,22,32.32421,-64.71849,22.6,36.41,0,2385.639468,2476.8796,61.93,0.483338523,993.1417009,101.9025946,101.9025946,,0.165916168,25.29355456,0.088605577,0.125787076,0.037181499,18.60687167,7.59,1423.798,1428.49,94.065,2248.886,42.688,37.913,1.977,15.446,2.224,1.459,10995.25,2534.106437,4669,17387,14089,20346,57,604
34,12/07/2018,12,7,2018,191,2018.52,11,DH 11,23,32.32421,-64.71849,22,36.38,0,2398.504073,2487.52794,80.05,0.453129865,589.2781463,104.735928,104.735928,,0.171936061,32.18933931,0.051879054,0.10706541,0.055186356,22.22691256,7.592,1420.299,1425.014,92.937,2262.29,43.273,37.51,1.881,15.576,2.196,1.438,4507.87,659.3045873,2028,24349,5249,8466,29,320
34,12/07/2018,12,7,2018,191,2018.52,12,DH bottom,24.5,32.32421,-64.71849,21.8,36.4056,0,2477.930762,2529.902158,56.49,0.39271255,314.7991997,,166.6724359,,0.437727763,42.14093293,0.022258533,0.034499488,0.012240955,33.291618,7.495,1839.808,1845.931,76.472,2345.112,56.346,30.4,1.477,16.498,1.806,1.182,1948.48,605.1533146,589,26457,1930,2449,9,193
35,23/07/2018,23,7,2018,202,2018.55,5,DH surface,1,32.32421,-64.71849,28.4,36.5305,140.25,2012.963645,2330.135945,34.2,4.664216746,,,,,0.080768795,1.603920564,6.63E-05,0.23038243,0.230316151,0.125717033,7.977,468.751,470.19,227.919,1772.888,12.153,93.325,8.1,9.268,5.445,3.636,35292.96,7.017550638,68,0,11712,11251,0,17760
35,23/07/2018,23,7,2018,202,2018.55,6,DH 6,5,32.32421,-64.71849,28.4,36.53,142.8125,2012.186819,2329.074682,27.25,4.76088445,,,,,0.058390176,1.69543294,6.63E-05,0.172449712,0.172383432,0.118852417,7.977,468.928,470.368,227.674,1772.358,12.158,93.28,8.094,9.27,5.436,3.63,43299.04,4.025325821,85,17,10443,11270,0,16540
35,23/07/2018,23,7,2018,202,2018.55,7,DH 7,10,32.32421,-64.71849,28.3,36.53,131.25,2014.01933,2329.421824,27.97,4.309768496,,,,,0.064309648,2.021038324,0.002325153,0.390324415,0.387999261,0.134480526,7.976,470.435,471.881,226.673,1775.122,12.226,92.955,8.009,9.295,5.407,3.61,38902.32036,7.52934974,55,14,9702,9787,0,16283
35,23/07/2018,23,7,2018,202,2018.55,8,DH 8,15,32.32421,-64.71849,28.2,36.46,126.25,2023.062374,2332.248552,27.79,4.507131726,,,,,0.044838011,1.778750116,0.056237284,1.116027008,1.059789723,0.240482631,7.968,482.593,484.078,222.812,1787.672,12.576,91.181,7.783,9.4,5.314,3.547,,,177,12,16057,14597,28,20437
35,23/07/2018,23,7,2018,202,2018.55,9,DH 9,20,32.32421,-64.71849,24.4,36.4361,5,2349.010326,2415.129511,32.81,0.374587355,,,,,0.100753945,13.07491445,6.518039746,6.802401773,0.284362027,2.986269998,7.501,1736.634,1742.232,81.087,2218.234,49.689,32.858,1.896,15.824,1.921,1.267,18573.82,1535.843735,10611,731,3716,5206,125,1064
35,23/07/2018,23,7,2018,202,2018.55,10,DH 10,22,32.32421,-64.71849,22.7,36.4,2.5,2411.22607,2474.343317,47.91,0.477296791,,,,,0.150734897,32.70544981,0.355405899,0.419096473,0.063690574,22.93224503,7.514,1717.522,1723.175,80.439,2279.429,51.362,32.388,1.677,16.134,1.902,1.248,5132.56,353.5862904,3339,76552,3072,2285,73,611
35,23/07/2018,23,7,2018,202,2018.55,11,DH 11,23,32.32421,-64.71849,21.8,36.4,0,2493.987849,2523.7698,67.79,0.7854251,,,,,0.529821603,47.26634258,0.093997406,0.114159788,0.020162381,39.77045712,7.435,2128.693,2135.777,67.031,2361.764,65.195,26.697,1.286,16.742,1.583,1.036,1792.37,413.0361977,1644,87444,1514,973,13,458
35,23/07/2018,23,7,2018,202,2018.55,12,DH bottom,24,32.32421,-64.71849,21.8,36.4054,0,2549.540821,2548.423058,64.89,0.447088134,,,,,0.766739841,51.86640588,0.079295938,0.109293972,0.029998034,40.08841077,7.351,2638.466,2647.247,56.424,2412.31,80.806,22.248,1.06,16.704,1.332,0.872,1207.27,420.7348389,766,46598,796,354,0,198
36,09/08/2018,9,8,2018,218,2018.6,5,DH surface,1,32.32421,-64.71849,30,36.4929,148.125,1989.574216,2322.708125,17.62171698,6.545209164,517.679525,93.90846931,101.9614996,5246.5203,0.004707989,1.678365754,0.002325292,0.035205362,0.03288007,0.003700209,7.982,456.626,458.002,239.172,1738.973,11.426,96.062,9.342,9.006,5.749,3.858,19840.41,14.05267352,6,9,9996,12229,0,9125
36,09/08/2018,9,8,2018,218,2018.6,6,DH 6,5,32.32421,-64.71849,29.8,36.59,152.1875,1989.28589,2326.565588,20.20623547,6.947991266,439.2097159,,99.35796426,4060.164394,0.01677946,1.613730226,0.002325292,0.002720232,0.00039494,0.003700209,7.99,447.334,448.685,241.77,1736.281,11.239,97.391,9.369,8.958,5.801,3.891,45186.58,27.66044804,7,0,9385,13219,0,8949
36,09/08/2018,9,8,2018,218,2018.6,7,DH 7,10,32.32421,-64.71849,29.5,36.59,146.875,1995.499847,2325.583868,29.35274571,6.434444086,365.6210643,93.37816628,98.09028749,5685.909,0.008549836,2.27978036,0.002325292,0.002720232,0.00039494,0.003700209,7.983,456.357,457.74,236.906,1747.048,11.546,95.73,9.001,9.059,5.677,3.804,16655.01,10.85248984,5,12,11307,14674,0,7521
36,09/08/2018,9,8,2018,218,2018.6,8,DH 8,15,32.32421,-64.71849,29.2,36.56,142.1875,2025.853138,2327.805132,28.44648598,2.764092178,283.9269214,95.09786325,100.8604895,4968.594936,0.00453669,1.884900671,0.010087984,0.010087984,4.97223789919232E 14,0.003700209,7.943,514.164,515.728,218.783,1793.966,13.101,88.305,7.985,9.495,5.238,3.506,,,20,13,11765,14117,12,8701
36,09/08/2018,9,8,2018,218,2018.6, , ,17,32.32421,-64.71849,28.7,36.55,111.25, , , , , ,,,,,,,,,, , , , , , , , , , , ,,,,,,,,
36,09/08/2018,9,8,2018,218,2018.6, , ,18,32.32421,-64.71849,26.9,36.5,73.4375, , , , , ,,,,,,,,,, , , , , , , , , , , ,,,,,,,,
36,09/08/2018,9,8,2018,218,2018.6, , ,19,32.32421,-64.71849,25.6,36.49,35, , , , , ,,,,,,,,,, , , , , , , , , , , ,,,,,,,,
36,09/08/2018,9,8,2018,218,2018.6,9,DH 9,20,32.32421,-64.71849,24.8,36.4458,23.84375,2354.013244,2467.675337,42.69490285,0.453129865,280.3513477,104.875641,104.2973582,6035.273392,0.004804066,12.95136221,10.05461825,10.05461825,5.86197757002083E 14,1.537449079,7.618,1323.784,1328.031,106.727,2209.731,37.552,41.959,2.56,14.648,2.537,1.674,5195.88,1444.540185,6777,4450,12193,15162,432,2682
36,09/08/2018,9,8,2018,218,2018.6,10,DH 10,22,32.32421,-64.71849,23.2,36.42,1.5625,2447.805804,2529.701377,68.27156636,0.347399563,808.4481547,105.7872572,108.7165501,6346.057786,0.085419836,33.83941594,1.01215169,1.01215169,4.03455047148782E 13,34.55376151,7.557,1580.556,1585.726,91.18,2309.91,46.721,35.531,1.928,15.777,2.162,1.42,2080.76,190.4913534,1254,55280,1912,1484,43,483
36,09/08/2018,9,8,2018,218,2018.6,11,DH 11,23,32.32421,-64.71849,22.4,36.41,1.5625,2502.889705,2562.606978,71.79590975,0.694799127,246.7100863,106.5726107,145.7973582,6276.264909,0.226641136,48.1046832,0.537377282,0.537377282,5.21804821573824E 15,38.09869834,7.509,1802.727,1808.682,81.117,2367.351,54.422,31.452,1.605,16.391,1.922,1.259,3371.74,89.5075404,564,55491,292,356,0,218
36,09/08/2018,9,8,2018,218,2018.6,12,DH 12,24,32.32421,-64.71849,22,36.4141,1.3125,2754.454135,2658.445297,67.86878425,0.483338523,74.99637298,114.8402875,139.335237,7020.446771,1.822227742,66.33277021,0.398744944,0.398744944,4.55191440096314E 15,79.24942146,7.122,4769.146,4784.979,35.612,2573.326,145.512,13.343,0.635,14.331,0.843,0.552,1460.26,,0,88,31,39,0,0
36,09/08/2018,9,8,2018,218,2018.6, , ,25,32.32421,-64.71849,21.8,36.4,1.25, , ,,,,,,,,,,,,, , , , , , , , , , , ,,,,,,,,
37,04/09/2018,4,9,2018,243,2018.67,5,DH surface,1,32.32421,-64.71849,30.6,36.7832,142.96875,1989.409247,2318.259871,28.5,2.752989148,,,,,0.027995342,2.047287885,0.001003171,0.002720232,0.001717061,0.003700209,7.958,482.782,484.226,235.796,1741.736,11.878,95.521,9.423,9.028,5.64,3.796,12.67,12.74250987,0,15,10096,14040,8,24676
37,04/09/2018,4,9,2018,243,2018.67,6,DH 6,5,32.32421,-64.71849,30.6,36.79,142.1875,1988.681588,2316.950125,25.96,2.757304136,,,,,0.004707989,2.219588668,0.002325292,0.002720232,0.00039494,0.003700209,7.957,483.591,485.037,235.348,1741.434,11.897,95.424,9.406,9.032,5.626,3.787,44774.98,7.154632221,0,12,9137,12089,11,24687
37,04/09/2018,4,9,2018,243,2018.67,7,DH 7,10,32.32421,-64.71849,30.6,36.79,145.9375,1986.099895,2316.950125,21.78,2.770168445,,,,,0.004707989,1.888294085,0.002325292,0.002720232,0.00039494,0.08497972,7.961,477.944,479.373,236.99,1737.352,11.758,96.136,9.494,8.997,5.661,3.811,228566.13,6.963807767,6,0,8415,11414,8,26609
37,04/09/2018,4,9,2018,243,2018.67,8,DH 8,15,32.32421,-64.71849,30.6,36.79,147.8125,1993.276804,2317.912589,26.76,2.707438924,,,,,0.007784793,1.887879754,0.0080396,0.369605572,0.361565972,0.003700209,7.951,492.063,493.534,233.034,1748.141,12.106,94.435,9.278,9.086,5.563,3.745,,,10,55,12482,15471,17,35727
37,04/09/2018,4,9,2018,243,2018.67,9,DH 9,20,32.32421,-64.71849,25.8,36.4498,91.5625,2298.335304,2506.049626,55.97,2.231849261,,,,,0.017942067,15.95573695,0.384383305,0.384383305,5.60662627435704E 15,0.087218851,7.8,833.806,836.448,163.143,2112.187,23.01,63.3,4.293,11.957,3.868,2.562,4635.80,194.6578693,1124,164,13157,16418,133,12295
37,04/09/2018,4,9,2018,243,2018.67,10,DH 10,22,32.32421,-64.71849,23.6,36.41,3.4375,2449.429173,2558.250932,47.07,0.872426138,,,,,0.110759766,38.05216342,0.728577972,0.778390097,0.049812125,18.51659337,7.614,1384.795,1389.303,106.015,2302.981,40.434,40.973,2.291,15.019,2.508,1.65,10002.74,6.518698775,1423,58286,7289,6470,162,5075
37,04/09/2018,4,9,2018,243,2018.67,11,DH 11,23,32.32421,-64.71849,22.7,36.41,3.4375,2717.00826,2656.997822,71.47,0.775489901,,,,,0.634283611,65.33992811,0.302593485,0.302593485,1.96700267185435E 10,60.53284694,7.194,4019.278,4032.506,43.211,2553.654,120.145,16.185,0.804,15.435,1.021,0.67,4493.75,241.3706502,360,58818,563,675,5,497
37,04/09/2018,4,9,2018,243,2018.67,12,DH bottom,24,32.32421,-64.71849,22.2,36.4149,0.625,3095.121713,3025.463033,66.36,0.270576574,,,,,2.993905939,83.98866207,0.537384658,0.537384658,2.66453525910038E 14,141.2500819,7.203,4485.376,4500.23,49.213,2910.047,135.86,16.268,0.782,15.677,1.162,0.761,3374.867381,297.6634912,414,47240,541,774,9,894
38,19/09/2018,19,9,2018,258,2018.71,5,DH surface,1,32.32421,-64.71849,28.9,36.6324,136.53125,1997.180706,2313.123166,20.04,2.879892032,306.6754288,96.60510018,95.61876138,4213.60,0.013118455,3.008035453,0.002325292,0.3212712,0.318945907,0.209502899,7.969,474.259,475.707,226.643,1758.39,12.148,93.145,8.31,9.235,5.416,3.623,60226.00856,11.04678758,9,113,1882,2777,46,7383
38,19/09/2018,19,9,2018,258,2018.71,6,DH 6,5,32.32421,-64.71849,28.9,36.67,140.3125,2000.282869,2316.44887,20.81,2.618083666,290.970922,96.73351548,96.73351548,6954.59,0.004707989,3.25430672,0.002325292,0.157377332,0.15505204,0.179345268,7.968,475.67,477.122,226.867,1761.235,12.182,93.19,8.304,9.238,5.416,3.624,79546.52392,8.070464109,97,719,6632,7604,148,20763
38,19/09/2018,19,9,2018,258,2018.71,7,DH 7,10,32.32421,-64.71849,28.9,36.67,131.875,2002.682277,2315.690731,22.56,2.315997089,248.227692,93.54225865,93.54225865,3400.40,0.025839467,4.163330477,0.027523842,0.146849104,0.119325262,0.246986333,7.963,482.329,483.801,224.803,1765.527,12.352,92.36,8.209,9.283,5.363,3.588,,1.776493049,,,,,,
38,19/09/2018,19,9,2018,258,2018.71,8,DH 8,15,32.32421,-64.71849,28.9,36.7,133.75,2008.434832,2320.391194,21.35,2.829544269,266.1855124,94.08324226,94.77176685,4185.79,0.003277641,3.27517296,0.002325292,0.270210395,0.267885103,0.343116142,7.96,487.087,488.574,224.275,1771.688,12.472,92.004,8.16,9.312,5.346,3.577,,0.514755325,53,392,3549,3831,37,9066
38,19/09/2018,19,9,2018,258,2018.71,9,DH 9,20,32.32421,-64.71849,28.7,36.7134,112.3125,2058.511176,2346.359989,26.72,2.023980065,337.0535592,96.08870674,96.08870674,3047.19,0.015917045,5.12361326,0.038963276,0.22707935,0.188116074,2.754460787,7.919,553.77,555.464,209.753,1834.513,14.246,85.052,7.302,9.772,4.994,3.339,29355.43266,222.7531253,97,3387,8750,8090,260,5882
38,19/09/2018,19,9,2018,258,2018.71,10,DH 10,22,32.32421,-64.71849,24.4,36.51,5,2478.999861,2574.590217,80.05,0.916329283,530.4872019,121.5750455,138.8701275,5562.24,0.103328301,43.32725545,0.088477472,0.088477472,2.4980018054066E 16,33.59237524,7.569,1560.806,1565.837,100,2334.352,44.648,38.044,2.221,15.359,2.368,1.562,5650.808996,397.3006416,62,14370,160,148,0,78
38,19/09/2018,19,9,2018,258,2018.71,11,DH 11,23,32.32421,-64.71849,22.8,36.44,3.75,2664.989103,2645.491396,90.83,0.7854251,197.3135285,122.5941712,132.4766849,5233.84,0.202010292,58.64451778,0.103329621,0.103329621,4.45476988630844E 15,47.07600221,7.293,3157.763,3168.143,53.594,2517.215,94.179,20.121,1.017,16.433,1.267,0.832,2681.611102,379.8188807,297,38575,166,294,0,307
38,19/09/2018,19,9,2018,258,2018.71,12,DH bottom,24,32.32421,-64.71849,22.3,36.4317,0,3049.075058,2765.075221,91.73,1.188207202,83.3508277,129.1542805,134.6406193,5557.83,1.576220846,76.83401334,0.39021898,0.39021898,4.9560355819267E 13,113.9139843,6.815,10250.42,10284.33,18.861,2720.391,309.822,6.801,0.323,9.095,0.446,0.292,3494.410843,614.3032026,109,36120,106,151,3,123
39,26/09/2018,26,9,2018,265,2018.73,5,DH surface,1,32.32421,-64.71849,27.6,36.7266,134.4375,2020.835335,2322.474748,23.6699839,3.108311073,286.423,93.08433515,93.08433515,2340.84,0.030776639,3.694409374,0.070362739,0.823932007,0.753569268,0.376093476,7.974,487.685,489.197,217,1790.966,12.874,90.169,7.345,9.497,5.168,3.442,24020.39195,7.625919677,21,982,9745,9966,168,15402
39,26/09/2018,26,9,2018,265,2018.73,6,DH 6,5,32.32421,-64.71849,27.6,36.71,139.6875,2019.549945,2311.957361,22.87976555,2.097311842,302.535,89.81111111,88.70728597,2294.13,0.050896149,3.613532924,0.053382655,0.743497944,0.69011529,0.277416951,7.96,504.526,506.09,210.731,1795.5,13.319,87.895,7.115,9.623,5.016,3.342,13517.31584,0.954086945,22,1397,13590,16539,287,19655
39,26/09/2018,26,9,2018,265,2018.73,7,DH 7,10,32.32421,-64.71849,27.6,36.71,136.5625,2020.393482,2314.993631,23.24573434,2.794663423,336.312,88.48324226,89.02969035,2703.46,0.00642047,3.663707425,0.036266756,0.774795205,0.738528448,0.307842977,7.963,500.599,502.151,212.229,1794.945,13.216,88.43,7.168,9.593,5.049,3.363,23337.13912,4.140091665,20,972,11945,12989,246,16911
39,26/09/2018,26,9,2018,265,2018.73,8,DH 8,15,32.32421,-64.71849,27.6,36.72,133.4375,2019.640324,2316.423077,27.4868087,3.295832078,324.296,88.48324226,88.48324226,2296.65,0.016978567,3.670168114,0.058115304,0.776603268,0.718487964,0.229915967,7.966,496.175,497.714,213.651,1792.891,13.098,89.014,7.224,9.561,5.079,3.384,,8.159840845,31,937,14121,16597,331,24106
39,26/09/2018,26,9,2018,265,2018.73,9,DH 9,20,32.32421,-64.71849,27.6,36.7222,134.1875,2020.453735,2313.334638,35.28479048,2.778838811,372.369,84.90127505,84.90127505,2303.94,0.014159114,3.671748432,0.062517857,0.843249458,0.780731601,0.322431827,7.96,504.091,505.654,211.036,1796.106,13.307,88.039,7.123,9.619,5.013,3.34,27605.72781,125.009425,41,1188,12161,13988,275,21244
39,26/09/2018,26,9,2018,265,2018.73,10,DH 10,22,32.32421,-64.71849,27.6,36.71,134.375,2020.483861,2316.464813,37.42975941,3.002111512,246.184,86.19362477,88.57340619,2017.09,0.002309622,3.63463789,0.071753066,0.775988646,0.70423558,0.285659635,7.965,497.917,499.461,213.137,1794.198,13.145,88.796,7.202,9.575,5.062,3.373,22064.21766,98.13103999,40,1460,13131,14367,368,20081
39,26/09/2018,26,9,2018,265,2018.73,11,DH 11,23,32.32421,-64.71849,27.6,36.71,127.1875,2021.19975,2316.496114,32.643769,2.015850277,244.676,82.67449909,84.82750455,2007.82,0.019764727,3.641096628,0.074734505,0.841099885,0.766365379,0.216073445,7.963,499.539,501.088,212.704,1795.308,13.188,88.612,7.183,9.587,5.051,3.365,19669.7387,69.04178092,23,1314,12842,13729,270,19940
39,26/09/2018,26,9,2018,265,2018.73,12,DH bottom,24.5,32.32421,-64.71849,27.6,36.5681,0,3004.010274,2777.466488,39.7853701,1.588872608,63.521,90.1007286,113.6471767,10737.20,2.450841407,53.00952426,0.271317234,0.50952538,0.238208146,90.3311595,6.849,9840.91,9871.421,24.699,2719.324,259.987,8.341,0.551,10.274,0.587,0.391,3646.575681,2.095925748,153,40414,2212,3027,42,4383
40,18/10/2018,18,10,2018,287,2018.79,5,DH surface,1,32.32421,-64.71849,26.1,36.766,142.65625,2036.686266,2320.826189,12.95,1.66375,,,,,0.071489723,3.469765075,6.63E-05,1.507662776,1.507596496,0.377294309,7.968,499.749,501.327,204.951,1818.06,13.679,86.525,6.354,9.811,4.868,3.227,58177.20413,7.655641436,39,9,17754,30385,725,32400
40,18/10/2018,18,10,2018,287,2018.79,6,DH 6,5,32.32421,-64.71849,26.1,36.79,143.4375,2035.561097,2319.271536,12.76,1.714166667,,,,,0.091716368,3.492882177,0.033052229,1.557713603,1.524661374,0.526243227,7.967,500.402,501.982,204.588,1817.277,13.695,86.484,6.345,9.815,4.855,3.219,36836.54648,4.34701809,30,4,14029,23346,711,24184
40,18/10/2018,18,10,2018,287,2018.79,7,DH 7,10,32.32421,-64.71849,26.1,36.78,142.8125,2034.948282,2319.219366,15.03,1.764583333,,,,,0.064098339,3.447781161,0.00264477,1.584908175,1.582263404,0.743898992,7.968,498.88,500.455,204.939,1816.356,13.654,86.637,6.359,9.806,4.861,3.223,50924.81674,4.867020186,27,7,18146,31338,798,27595
40,18/10/2018,18,10,2018,287,2018.79,8,DH 8,15,32.32421,-64.71849,26.1,36.79,141.875,2040.163519,2322.151297,14.54,1.310833333,,,,,0.07823957,3.556093303,0.051254371,1.710337566,1.659083195,0.928108219,7.963,505.779,507.376,203.583,1822.735,13.842,85.965,6.295,9.853,4.825,3.199,,0.788008266,28,8,12762,18251,553,17050
40,18/10/2018,18,10,2018,287,2018.79,9,DH 9,20,32.32421,-64.71849,26,36.7898,132.9375,2047.335186,2323.987666,17.66,0.680625,,,,,0.082454349,3.895389957,0.044943637,1.863185233,1.818241596,1.291870974,7.955,517.818,519.455,200.204,1832.929,14.207,84.538,6.126,9.958,4.741,3.143,12138.07553,13.04771708,43,15,15456,24202,958,24607
40,18/10/2018,18,10,2018,287,2018.79,10,DH 10,22,32.32421,-64.71849,26,36.78,129.0625,2063.399754,2337.207436,15.66,1.043625,,,,,0.076341947,5.387161349,0.323735172,2.128044946,1.804309774,4.041522388,7.948,530.805,532.482,198.899,1849.937,14.564,83.456,6.031,10.046,4.709,3.122,22518.61004,28.25759926,108,455,20409,25349,1012,12435
40,18/10/2018,18,10,2018,287,2018.79,11,DH 11,23,32.32421,-64.71849,26,36.79,125.3125,2064.946088,2334.23377,21.25,1.315875,,,,,0.070645455,5.106455166,0.160945815,1.661650783,1.500704968,4.086118712,7.94,541.459,543.171,195.915,1854.179,14.856,82.305,5.926,10.123,4.637,3.074,32049.62186,53.30998051,40,417,11097,12156,566,7019
40,18/10/2018,18,10,2018,287,2018.79,12,DH bottom,24.5,32.32421,-64.71849,26,36.7952,121.75,2065.61918,2332.773022,17.86,0.847,,,,,0.081190228,5.846223006,0.041378806,1.677399357,1.636020551,3.116231335,7.937,546.548,548.276,194.51,1856.115,14.995,81.768,5.878,10.161,4.603,3.051,13141.03129,46.86213541,84,448,15114,17253,729,8396
41,21/11/2018,21,11,2018,320,2018.88,5,DH surface,1,32.32421,-64.71849,22.7,36.6666,149.59375,2044.446344,2319.940866,16.31,1.2705,,77.25576923,77.25576923,,0.010887993,3.626529443,0.030800162,2.189887769,2.159087607,1.745257746,8.007,454.499,455.995,197.774,1833.1,13.573,86.185,5.118,10.027,4.681,3.072,,,,,,,,
41,21/11/2018,21,11,2018,320,2018.88,6,DH 6,5,32.32421,-64.71849,22.7,36.67,155.625,2046.573345,2319.583855,14.82,0.867166667,,80.04148352,80.04148352,,0.048017039,3.570493526,0.017083274,2.24407437,2.226991096,0.459413926,8.003,459.965,461.479,196.177,1836.661,13.736,85.512,5.067,10.072,4.64,3.045,,,,,,,,
41,21/11/2018,21,11,2018,320,2018.88,7,DH 7,10,32.32421,-64.71849,22.7,36.68,154.6875,2041.879273,2320.308077,14.7,0.897416667,,82.0256105,88.59703907,,0.077185409,3.635652129,6.63E-05,2.086222736,2.086156457,0.464752678,8.012,448.268,449.743,199.61,1828.884,13.385,87.036,5.178,9.971,4.718,3.096,,,,,,,,
41,21/11/2018,21,11,2018,320,2018.88,8,DH 8,15,32.32421,-64.71849,22.6,36.67,152.1875,2046.336139,2321.831826,15,1.441916667,,76.70815018,76.70815018,,0.132590274,3.717737514,0.035253183,2.049409562,2.014156379,0.419377565,8.008,453.398,454.892,197.759,1835.003,13.575,86.236,5.086,10.034,4.67,3.064,,,,,,,,
41,21/11/2018,21,11,2018,320,2018.88,9,DH 9,20,32.32421,-64.71849,22.7,36.6998,146.09375,2048.525361,2323.973766,15.58,0.69575,,76.65656288,76.65656288,,0.137810022,4.0489414,0.040347225,2.085039069,2.044691844,0.711886725,8.006,456.473,457.975,197.814,1837.083,13.629,86.165,5.108,10.038,4.667,3.063,,,,,,,,
41,21/11/2018,21,11,2018,320,2018.88,10,DH 10,22,32.32421,-64.71849,22.8,36.75,147.5,2051.908705,2321.546234,12.3,0.312583333,,82.38275336,82.38275336,,0.087508148,4.046017843,0.007105395,2.039122896,2.0320175,0.909953612,7.994,471.208,472.757,194.057,1843.824,14.028,84.602,5.018,10.138,4.576,3.005,,,,,,,,
41,21/11/2018,21,11,2018,320,2018.88,11,DH 11,23,32.32421,-64.71849,22.8,36.77,140.9375,2058.528745,2327.859856,12.54,0.373083333,,75.18830891,75.18830891,,0.082243681,4.058480684,0.020873738,2.116379344,2.095505606,1.384147091,7.992,474.692,476.252,194.069,1850.329,14.131,84.403,5,10.161,4.575,3.004,,,,,,,,
41,21/11/2018,21,11,2018,320,2018.88,12,DH bottom,24.5,32.32421,-64.71849,22.8,36.7664,139.0625,2057.596492,2327.676261,12.29,0.161333333,,72.05735653,77.91846764,,0.069589953,4.568957671,0.032873226,2.056786439,2.023913213,1.37235212,7.993,472.814,474.368,194.535,1848.986,14.075,84.614,5.016,10.146,4.585,3.011,,,,,,,,
42,19/12/2018,19,12,2018,348,2018.95,5,DH surface,1,32.32421,-64.71849,19.1,36.4044,164.25,2045.320089,2312.488939,12.28376003,0.57475,,68.82694994,,,0.065999853,1.715210693,6.63E-05,0.642185351,0.642119071,0.393375331,8.052,404.818,406.211,190.782,1841.188,13.35,85.699,4.047,10.232,4.511,2.93,,,,,,,,
42,19/12/2018,19,12,2018,348,2018.95,6,DH 6,5,32.32421,-64.71849,19.1,36.41,158.75,2046.975099,2309.558817,12.01359989,0.605,,70.08844755,,,0.067055988,1.665118134,0.000481641,0.73753419,0.737052549,0.422170968,8.044,413.258,414.68,187.777,1845.57,13.628,84.471,3.974,10.318,4.437,2.882,,,,,,,,
42,19/12/2018,19,12,2018,348,2018.95,7,DH 7,10,32.32421,-64.71849,19.1,36.43,165.9375,2049.688058,2319.696835,12.68815181,0.39325,,67.20885878,,,0.069801069,1.688312487,6.63E-05,0.63722676,0.637160481,0.41846809,8.056,401.798,403.181,192.784,1843.655,13.249,86.398,4.084,10.195,4.551,2.957,,,,,,,,
42,19/12/2018,19,12,2018,348,2018.95,8,DH 8,15,32.32421,-64.71849,19.2,36.45,161.5625,2050.285119,,12.08051621,0.40535,,66.72189769,,,0.054370063,2.021378164,0.016330994,0.644299308,0.627968314,0.557745945,999,999,999,999,999,999,999,999,999,999,999,,,,,,,,
42,19/12/2018,19,12,2018,348,2018.95,9,DH 9,20,32.32421,-64.71849,19.1,36.4639,163.1875,2050.138472,2312.26433,11.70653456,0.3509,,69.6244925,,,0.06768958,3.300283723,0.016702254,0.81578524,0.799082986,1.163259335,8.042,415.674,417.104,187.497,1848.937,13.704,84.382,3.96,10.33,4.418,2.871,,,,,,,,
42,19/12/2018,19,12,2018,348,2018.95,10,DH 10,22,32.32421,-64.71849,19.1,36.47,163.75,2050.316543,2324.594898,10.71727043,0.5203,,68.88446503,,,0.0731779,4.171233776,0.06398923,0.884597928,0.820608698,2.298420092,8.062,395.377,396.738,195.594,1841.688,13.034,87.58,4.147,10.122,4.607,2.994,,,,,,,,
42,19/12/2018,19,12,2018,348,2018.95,11,DH 11,23,32.32421,-64.71849,19.1,36.47,164.6875,2050.22227,2324.471864,23.60074265,1.07085,,66.47649998,,,0.071911812,4.270291809,0.033295744,0.891596193,0.858300449,2.504474343,8.062,395.386,396.747,195.569,1841.618,13.035,87.577,4.147,10.122,4.606,2.993,,,,,,,,
42,19/12/2018,19,12,2018,348,2018.95,12,DH bottom,24.5,32.32421,-64.71849,19.1,36.4623,163.21875,2049.614735,2328.173138,17.7292079,0.5808,,69.3215797,,,0.066844776,5.329519311,0.081417507,1.071571552,0.990154045,3.715566393,8.069,388.226,389.563,198.435,1838.38,12.799,88.715,4.216,10.051,4.672,3.036,,,,,,,,