"","Expt","Timepoint","Date","Time","Day","Sample","Treatment","Cells_mL","DOC","lncellsml","INT_DOC","delta_cells","delta_doc","Bottle","stationary","t_gen"
"1","DH36","T0","09/08/2018","19:45",0,"A","S/S",7.85,98.32,2.06,98.32,0,0,"A",7.2,0.4
"2","DH36","T0","09/08/2018","19:45",0,"A","S/S",7.85,98.32,2.06,98.32,0,0,"B",8.8,1
"3","DH36","T0","09/08/2018","19:45",0,"A","S/S",7.85,98.32,2.06,98.32,0,0,"C",7.2,0.4
"4","DH36","T0","09/08/2018","19:45",0,"A","S/S",7.85,98.32,2.06,98.32,0,0,"D",7.8,0.4
"5","DH36","T0","09/08/2018","19:45",0,"A","S/S",7.85,98.32,2.06,98.32,0,0,"E",7.6,0.1
"6","DH36","T0","09/08/2018","19:45",0,"A","S/S",7.85,98.32,2.06,98.32,0,0,"F",7.8,0.1
"7","DH36","T0","09/08/2018","19:45",0,"B","S/S",8.11,95.34,2.09,95.34,0,0,"A",7.2,0.4
"8","DH36","T0","09/08/2018","19:45",0,"B","S/S",8.11,95.34,2.09,95.34,0,0,"B",8.8,1
"9","DH36","T0","09/08/2018","19:45",0,"B","S/S",8.11,95.34,2.09,95.34,0,0,"C",7.2,0.4
"10","DH36","T0","09/08/2018","19:45",0,"B","S/S",8.11,95.34,2.09,95.34,0,0,"D",7.8,0.4
"11","DH36","T0","09/08/2018","19:45",0,"B","S/S",8.11,95.34,2.09,95.34,0,0,"E",7.6,0.1
"12","DH36","T0","09/08/2018","19:45",0,"B","S/S",8.11,95.34,2.09,95.34,0,0,"F",7.8,0.1
"13","DH36","T0","09/08/2018","19:45",0,"C","S/D",7.8,97.83,2.05,97.83,0,0,"A",7.2,0.4
"14","DH36","T0","09/08/2018","19:45",0,"C","S/D",7.8,97.83,2.05,97.83,0,0,"B",8.8,1
"15","DH36","T0","09/08/2018","19:45",0,"C","S/D",7.8,97.83,2.05,97.83,0,0,"C",7.2,0.4
"16","DH36","T0","09/08/2018","19:45",0,"C","S/D",7.8,97.83,2.05,97.83,0,0,"D",7.8,0.4
"17","DH36","T0","09/08/2018","19:45",0,"C","S/D",7.8,97.83,2.05,97.83,0,0,"E",7.6,0.1
"18","DH36","T0","09/08/2018","19:45",0,"C","S/D",7.8,97.83,2.05,97.83,0,0,"F",7.8,0.1
"19","DH36","T0","09/08/2018","19:45",0,"D","S/D",8.29,103.05,2.12,103.05,0,0,"A",7.2,0.4
"20","DH36","T0","09/08/2018","19:45",0,"D","S/D",8.29,103.05,2.12,103.05,0,0,"B",8.8,1
"21","DH36","T0","09/08/2018","19:45",0,"D","S/D",8.29,103.05,2.12,103.05,0,0,"C",7.2,0.4
"22","DH36","T0","09/08/2018","19:45",0,"D","S/D",8.29,103.05,2.12,103.05,0,0,"D",7.8,0.4
"23","DH36","T0","09/08/2018","19:45",0,"D","S/D",8.29,103.05,2.12,103.05,0,0,"E",7.6,0.1
"24","DH36","T0","09/08/2018","19:45",0,"D","S/D",8.29,103.05,2.12,103.05,0,0,"F",7.8,0.1
"25","DH36","T0","09/08/2018","19:45",0,"E","D/S",17.73,97.51,2.88,97.51,0,0,"A",7.2,0.4
"26","DH36","T0","09/08/2018","19:45",0,"E","D/S",17.73,97.51,2.88,97.51,0,0,"B",8.8,1
"27","DH36","T0","09/08/2018","19:45",0,"E","D/S",17.73,97.51,2.88,97.51,0,0,"C",7.2,0.4
"28","DH36","T0","09/08/2018","19:45",0,"E","D/S",17.73,97.51,2.88,97.51,0,0,"D",7.8,0.4
"29","DH36","T0","09/08/2018","19:45",0,"E","D/S",17.73,97.51,2.88,97.51,0,0,"E",7.6,0.1
"30","DH36","T0","09/08/2018","19:45",0,"E","D/S",17.73,97.51,2.88,97.51,0,0,"F",7.8,0.1
"31","DH36","T0","09/08/2018","19:45",0,"F","D/S",17.51,97.39,2.86,97.39,0,0,"A",7.2,0.4
"32","DH36","T0","09/08/2018","19:45",0,"F","D/S",17.51,97.39,2.86,97.39,0,0,"B",8.8,1
"33","DH36","T0","09/08/2018","19:45",0,"F","D/S",17.51,97.39,2.86,97.39,0,0,"C",7.2,0.4
"34","DH36","T0","09/08/2018","19:45",0,"F","D/S",17.51,97.39,2.86,97.39,0,0,"D",7.8,0.4
"35","DH36","T0","09/08/2018","19:45",0,"F","D/S",17.51,97.39,2.86,97.39,0,0,"E",7.6,0.1
"36","DH36","T0","09/08/2018","19:45",0,"F","D/S",17.51,97.39,2.86,97.39,0,0,"F",7.8,0.1
"37","DH36","T1","10/08/2018","10:50",0.63,"A","S/S",7.95,NA,2.07,98.61295,0.100000000000001,-0.292950000000005,"A",7.2,0.4
"38","DH36","T1","10/08/2018","10:50",0.63,"A","S/S",7.95,NA,2.07,98.61295,0.100000000000001,-0.292950000000005,"B",8.8,1
"39","DH36","T1","10/08/2018","10:50",0.63,"A","S/S",7.95,NA,2.07,98.61295,0.100000000000001,-0.292950000000005,"C",7.2,0.4
"40","DH36","T1","10/08/2018","10:50",0.63,"A","S/S",7.95,NA,2.07,98.61295,0.100000000000001,-0.292950000000005,"D",7.8,0.4
"41","DH36","T1","10/08/2018","10:50",0.63,"A","S/S",7.95,NA,2.07,98.61295,0.100000000000001,-0.292950000000005,"E",7.6,0.1
"42","DH36","T1","10/08/2018","10:50",0.63,"A","S/S",7.95,NA,2.07,98.61295,0.100000000000001,-0.292950000000005,"F",7.8,0.1
"43","DH36","T1","10/08/2018","10:50",0.63,"B","S/S",8.24,NA,2.11,95.34315,0.130000000000001,-0.00314999999999088,"A",7.2,0.4
"44","DH36","T1","10/08/2018","10:50",0.63,"B","S/S",8.24,NA,2.11,95.34315,0.130000000000001,-0.00314999999999088,"B",8.8,1
"45","DH36","T1","10/08/2018","10:50",0.63,"B","S/S",8.24,NA,2.11,95.34315,0.130000000000001,-0.00314999999999088,"C",7.2,0.4
"46","DH36","T1","10/08/2018","10:50",0.63,"B","S/S",8.24,NA,2.11,95.34315,0.130000000000001,-0.00314999999999088,"D",7.8,0.4
"47","DH36","T1","10/08/2018","10:50",0.63,"B","S/S",8.24,NA,2.11,95.34315,0.130000000000001,-0.00314999999999088,"E",7.6,0.1
"48","DH36","T1","10/08/2018","10:50",0.63,"B","S/S",8.24,NA,2.11,95.34315,0.130000000000001,-0.00314999999999088,"F",7.8,0.1
"49","DH36","T1","10/08/2018","10:50",0.63,"C","S/D",8.77,NA,2.17,96.39675,0.97,1.43325,"A",7.2,0.4
"50","DH36","T1","10/08/2018","10:50",0.63,"C","S/D",8.77,NA,2.17,96.39675,0.97,1.43325,"B",8.8,1
"51","DH36","T1","10/08/2018","10:50",0.63,"C","S/D",8.77,NA,2.17,96.39675,0.97,1.43325,"C",7.2,0.4
"52","DH36","T1","10/08/2018","10:50",0.63,"C","S/D",8.77,NA,2.17,96.39675,0.97,1.43325,"D",7.8,0.4
"53","DH36","T1","10/08/2018","10:50",0.63,"C","S/D",8.77,NA,2.17,96.39675,0.97,1.43325,"E",7.6,0.1
"54","DH36","T1","10/08/2018","10:50",0.63,"C","S/D",8.77,NA,2.17,96.39675,0.97,1.43325,"F",7.8,0.1
"55","DH36","T1","10/08/2018","10:50",0.63,"D","S/D",8.66,NA,2.16,100.04805,0.370000000000001,3.00194999999999,"A",7.2,0.4
"56","DH36","T1","10/08/2018","10:50",0.63,"D","S/D",8.66,NA,2.16,100.04805,0.370000000000001,3.00194999999999,"B",8.8,1
"57","DH36","T1","10/08/2018","10:50",0.63,"D","S/D",8.66,NA,2.16,100.04805,0.370000000000001,3.00194999999999,"C",7.2,0.4
"58","DH36","T1","10/08/2018","10:50",0.63,"D","S/D",8.66,NA,2.16,100.04805,0.370000000000001,3.00194999999999,"D",7.8,0.4
"59","DH36","T1","10/08/2018","10:50",0.63,"D","S/D",8.66,NA,2.16,100.04805,0.370000000000001,3.00194999999999,"E",7.6,0.1
"60","DH36","T1","10/08/2018","10:50",0.63,"D","S/D",8.66,NA,2.16,100.04805,0.370000000000001,3.00194999999999,"F",7.8,0.1
"61","DH36","T1","10/08/2018","10:50",0.63,"E","D/S",14.62,NA,2.68,97.0942,-3.11,0.415800000000004,"A",7.2,0.4
"62","DH36","T1","10/08/2018","10:50",0.63,"E","D/S",14.62,NA,2.68,97.0942,-3.11,0.415800000000004,"B",8.8,1
"63","DH36","T1","10/08/2018","10:50",0.63,"E","D/S",14.62,NA,2.68,97.0942,-3.11,0.415800000000004,"C",7.2,0.4
"64","DH36","T1","10/08/2018","10:50",0.63,"E","D/S",14.62,NA,2.68,97.0942,-3.11,0.415800000000004,"D",7.8,0.4
"65","DH36","T1","10/08/2018","10:50",0.63,"E","D/S",14.62,NA,2.68,97.0942,-3.11,0.415800000000004,"E",7.6,0.1
"66","DH36","T1","10/08/2018","10:50",0.63,"E","D/S",14.62,NA,2.68,97.0942,-3.11,0.415800000000004,"F",7.8,0.1
"67","DH36","T1","10/08/2018","10:50",0.63,"F","D/S",14.86,NA,2.7,96.63085,-2.65,0.759150000000005,"A",7.2,0.4
"68","DH36","T1","10/08/2018","10:50",0.63,"F","D/S",14.86,NA,2.7,96.63085,-2.65,0.759150000000005,"B",8.8,1
"69","DH36","T1","10/08/2018","10:50",0.63,"F","D/S",14.86,NA,2.7,96.63085,-2.65,0.759150000000005,"C",7.2,0.4
"70","DH36","T1","10/08/2018","10:50",0.63,"F","D/S",14.86,NA,2.7,96.63085,-2.65,0.759150000000005,"D",7.8,0.4
"71","DH36","T1","10/08/2018","10:50",0.63,"F","D/S",14.86,NA,2.7,96.63085,-2.65,0.759150000000005,"E",7.6,0.1
"72","DH36","T1","10/08/2018","10:50",0.63,"F","D/S",14.86,NA,2.7,96.63085,-2.65,0.759150000000005,"F",7.8,0.1
"73","DH36","T2","10/08/2018","18:00",0.93,"A","S/S",7.98,NA,2.08,98.75245,0.130000000000001,-0.432450000000003,"A",7.2,0.4
"74","DH36","T2","10/08/2018","18:00",0.93,"A","S/S",7.98,NA,2.08,98.75245,0.130000000000001,-0.432450000000003,"B",8.8,1
"75","DH36","T2","10/08/2018","18:00",0.93,"A","S/S",7.98,NA,2.08,98.75245,0.130000000000001,-0.432450000000003,"C",7.2,0.4
"76","DH36","T2","10/08/2018","18:00",0.93,"A","S/S",7.98,NA,2.08,98.75245,0.130000000000001,-0.432450000000003,"D",7.8,0.4
"77","DH36","T2","10/08/2018","18:00",0.93,"A","S/S",7.98,NA,2.08,98.75245,0.130000000000001,-0.432450000000003,"E",7.6,0.1
"78","DH36","T2","10/08/2018","18:00",0.93,"A","S/S",7.98,NA,2.08,98.75245,0.130000000000001,-0.432450000000003,"F",7.8,0.1
"79","DH36","T2","10/08/2018","18:00",0.93,"B","S/S",8.18,NA,2.1,95.34465,0.0700000000000003,-0.00464999999999804,"A",7.2,0.4
"80","DH36","T2","10/08/2018","18:00",0.93,"B","S/S",8.18,NA,2.1,95.34465,0.0700000000000003,-0.00464999999999804,"B",8.8,1
"81","DH36","T2","10/08/2018","18:00",0.93,"B","S/S",8.18,NA,2.1,95.34465,0.0700000000000003,-0.00464999999999804,"C",7.2,0.4
"82","DH36","T2","10/08/2018","18:00",0.93,"B","S/S",8.18,NA,2.1,95.34465,0.0700000000000003,-0.00464999999999804,"D",7.8,0.4
"83","DH36","T2","10/08/2018","18:00",0.93,"B","S/S",8.18,NA,2.1,95.34465,0.0700000000000003,-0.00464999999999804,"E",7.6,0.1
"84","DH36","T2","10/08/2018","18:00",0.93,"B","S/S",8.18,NA,2.1,95.34465,0.0700000000000003,-0.00464999999999804,"F",7.8,0.1
"85","DH36","T2","10/08/2018","18:00",0.93,"C","S/D",8.34,NA,2.12,95.71425,0.54,2.11575000000001,"A",7.2,0.4
"86","DH36","T2","10/08/2018","18:00",0.93,"C","S/D",8.34,NA,2.12,95.71425,0.54,2.11575000000001,"B",8.8,1
"87","DH36","T2","10/08/2018","18:00",0.93,"C","S/D",8.34,NA,2.12,95.71425,0.54,2.11575000000001,"C",7.2,0.4
"88","DH36","T2","10/08/2018","18:00",0.93,"C","S/D",8.34,NA,2.12,95.71425,0.54,2.11575000000001,"D",7.8,0.4
"89","DH36","T2","10/08/2018","18:00",0.93,"C","S/D",8.34,NA,2.12,95.71425,0.54,2.11575000000001,"E",7.6,0.1
"90","DH36","T2","10/08/2018","18:00",0.93,"C","S/D",8.34,NA,2.12,95.71425,0.54,2.11575000000001,"F",7.8,0.1
"91","DH36","T2","10/08/2018","18:00",0.93,"D","S/D",8.89,NA,2.18,98.61855,0.600000000000001,4.43145,"A",7.2,0.4
"92","DH36","T2","10/08/2018","18:00",0.93,"D","S/D",8.89,NA,2.18,98.61855,0.600000000000001,4.43145,"B",8.8,1
"93","DH36","T2","10/08/2018","18:00",0.93,"D","S/D",8.89,NA,2.18,98.61855,0.600000000000001,4.43145,"C",7.2,0.4
"94","DH36","T2","10/08/2018","18:00",0.93,"D","S/D",8.89,NA,2.18,98.61855,0.600000000000001,4.43145,"D",7.8,0.4
"95","DH36","T2","10/08/2018","18:00",0.93,"D","S/D",8.89,NA,2.18,98.61855,0.600000000000001,4.43145,"E",7.6,0.1
"96","DH36","T2","10/08/2018","18:00",0.93,"D","S/D",8.89,NA,2.18,98.61855,0.600000000000001,4.43145,"F",7.8,0.1
"97","DH36","T2","10/08/2018","18:00",0.93,"E","D/S",13.22,NA,2.58,96.8962,-4.51,0.613799999999998,"A",7.2,0.4
"98","DH36","T2","10/08/2018","18:00",0.93,"E","D/S",13.22,NA,2.58,96.8962,-4.51,0.613799999999998,"B",8.8,1
"99","DH36","T2","10/08/2018","18:00",0.93,"E","D/S",13.22,NA,2.58,96.8962,-4.51,0.613799999999998,"C",7.2,0.4
"100","DH36","T2","10/08/2018","18:00",0.93,"E","D/S",13.22,NA,2.58,96.8962,-4.51,0.613799999999998,"D",7.8,0.4
"101","DH36","T2","10/08/2018","18:00",0.93,"E","D/S",13.22,NA,2.58,96.8962,-4.51,0.613799999999998,"E",7.6,0.1
"102","DH36","T2","10/08/2018","18:00",0.93,"E","D/S",13.22,NA,2.58,96.8962,-4.51,0.613799999999998,"F",7.8,0.1
"103","DH36","T2","10/08/2018","18:00",0.93,"F","D/S",13.08,NA,2.57,96.26935,-4.43,1.12065,"A",7.2,0.4
"104","DH36","T2","10/08/2018","18:00",0.93,"F","D/S",13.08,NA,2.57,96.26935,-4.43,1.12065,"B",8.8,1
"105","DH36","T2","10/08/2018","18:00",0.93,"F","D/S",13.08,NA,2.57,96.26935,-4.43,1.12065,"C",7.2,0.4
"106","DH36","T2","10/08/2018","18:00",0.93,"F","D/S",13.08,NA,2.57,96.26935,-4.43,1.12065,"D",7.8,0.4
"107","DH36","T2","10/08/2018","18:00",0.93,"F","D/S",13.08,NA,2.57,96.26935,-4.43,1.12065,"E",7.6,0.1
"108","DH36","T2","10/08/2018","18:00",0.93,"F","D/S",13.08,NA,2.57,96.26935,-4.43,1.12065,"F",7.8,0.1
"109","DH36","T3","11/08/2018","10:00",1.59,"A","S/S",8.01,NA,2.08,99.05935,0.16,-0.739350000000002,"A",7.2,0.4
"110","DH36","T3","11/08/2018","10:00",1.59,"A","S/S",8.01,NA,2.08,99.05935,0.16,-0.739350000000002,"B",8.8,1
"111","DH36","T3","11/08/2018","10:00",1.59,"A","S/S",8.01,NA,2.08,99.05935,0.16,-0.739350000000002,"C",7.2,0.4
"112","DH36","T3","11/08/2018","10:00",1.59,"A","S/S",8.01,NA,2.08,99.05935,0.16,-0.739350000000002,"D",7.8,0.4
"113","DH36","T3","11/08/2018","10:00",1.59,"A","S/S",8.01,NA,2.08,99.05935,0.16,-0.739350000000002,"E",7.6,0.1
"114","DH36","T3","11/08/2018","10:00",1.59,"A","S/S",8.01,NA,2.08,99.05935,0.16,-0.739350000000002,"F",7.8,0.1
"115","DH36","T3","11/08/2018","10:00",1.59,"B","S/S",7.7,NA,2.04,95.34795,-0.409999999999999,-0.00794999999999391,"A",7.2,0.4
"116","DH36","T3","11/08/2018","10:00",1.59,"B","S/S",7.7,NA,2.04,95.34795,-0.409999999999999,-0.00794999999999391,"B",8.8,1
"117","DH36","T3","11/08/2018","10:00",1.59,"B","S/S",7.7,NA,2.04,95.34795,-0.409999999999999,-0.00794999999999391,"C",7.2,0.4
"118","DH36","T3","11/08/2018","10:00",1.59,"B","S/S",7.7,NA,2.04,95.34795,-0.409999999999999,-0.00794999999999391,"D",7.8,0.4
"119","DH36","T3","11/08/2018","10:00",1.59,"B","S/S",7.7,NA,2.04,95.34795,-0.409999999999999,-0.00794999999999391,"E",7.6,0.1
"120","DH36","T3","11/08/2018","10:00",1.59,"B","S/S",7.7,NA,2.04,95.34795,-0.409999999999999,-0.00794999999999391,"F",7.8,0.1
"121","DH36","T3","11/08/2018","10:00",1.59,"C","S/D",8.67,NA,2.16,94.21275,0.87,3.61725,"A",7.2,0.4
"122","DH36","T3","11/08/2018","10:00",1.59,"C","S/D",8.67,NA,2.16,94.21275,0.87,3.61725,"B",8.8,1
"123","DH36","T3","11/08/2018","10:00",1.59,"C","S/D",8.67,NA,2.16,94.21275,0.87,3.61725,"C",7.2,0.4
"124","DH36","T3","11/08/2018","10:00",1.59,"C","S/D",8.67,NA,2.16,94.21275,0.87,3.61725,"D",7.8,0.4
"125","DH36","T3","11/08/2018","10:00",1.59,"C","S/D",8.67,NA,2.16,94.21275,0.87,3.61725,"E",7.6,0.1
"126","DH36","T3","11/08/2018","10:00",1.59,"C","S/D",8.67,NA,2.16,94.21275,0.87,3.61725,"F",7.8,0.1
"127","DH36","T3","11/08/2018","10:00",1.59,"D","S/D",8.7,NA,2.16,95.47365,0.41,7.57635,"A",7.2,0.4
"128","DH36","T3","11/08/2018","10:00",1.59,"D","S/D",8.7,NA,2.16,95.47365,0.41,7.57635,"B",8.8,1
"129","DH36","T3","11/08/2018","10:00",1.59,"D","S/D",8.7,NA,2.16,95.47365,0.41,7.57635,"C",7.2,0.4
"130","DH36","T3","11/08/2018","10:00",1.59,"D","S/D",8.7,NA,2.16,95.47365,0.41,7.57635,"D",7.8,0.4
"131","DH36","T3","11/08/2018","10:00",1.59,"D","S/D",8.7,NA,2.16,95.47365,0.41,7.57635,"E",7.6,0.1
"132","DH36","T3","11/08/2018","10:00",1.59,"D","S/D",8.7,NA,2.16,95.47365,0.41,7.57635,"F",7.8,0.1
"133","DH36","T3","11/08/2018","10:00",1.59,"E","D/S",13.27,NA,2.59,96.4606,-4.46,1.04940000000001,"A",7.2,0.4
"134","DH36","T3","11/08/2018","10:00",1.59,"E","D/S",13.27,NA,2.59,96.4606,-4.46,1.04940000000001,"B",8.8,1
"135","DH36","T3","11/08/2018","10:00",1.59,"E","D/S",13.27,NA,2.59,96.4606,-4.46,1.04940000000001,"C",7.2,0.4
"136","DH36","T3","11/08/2018","10:00",1.59,"E","D/S",13.27,NA,2.59,96.4606,-4.46,1.04940000000001,"D",7.8,0.4
"137","DH36","T3","11/08/2018","10:00",1.59,"E","D/S",13.27,NA,2.59,96.4606,-4.46,1.04940000000001,"E",7.6,0.1
"138","DH36","T3","11/08/2018","10:00",1.59,"E","D/S",13.27,NA,2.59,96.4606,-4.46,1.04940000000001,"F",7.8,0.1
"139","DH36","T3","11/08/2018","10:00",1.59,"F","D/S",12.99,NA,2.56,95.47405,-4.52,1.91595,"A",7.2,0.4
"140","DH36","T3","11/08/2018","10:00",1.59,"F","D/S",12.99,NA,2.56,95.47405,-4.52,1.91595,"B",8.8,1
"141","DH36","T3","11/08/2018","10:00",1.59,"F","D/S",12.99,NA,2.56,95.47405,-4.52,1.91595,"C",7.2,0.4
"142","DH36","T3","11/08/2018","10:00",1.59,"F","D/S",12.99,NA,2.56,95.47405,-4.52,1.91595,"D",7.8,0.4
"143","DH36","T3","11/08/2018","10:00",1.59,"F","D/S",12.99,NA,2.56,95.47405,-4.52,1.91595,"E",7.6,0.1
"144","DH36","T3","11/08/2018","10:00",1.59,"F","D/S",12.99,NA,2.56,95.47405,-4.52,1.91595,"F",7.8,0.1
"145","DH36","T4","11/08/2018","19:45",2,"A","S/S",7.92,99.25,2.07,99.25,0.0700000000000003,-0.930000000000007,"A",7.2,0.4
"146","DH36","T4","11/08/2018","19:45",2,"A","S/S",7.92,99.25,2.07,99.25,0.0700000000000003,-0.930000000000007,"B",8.8,1
"147","DH36","T4","11/08/2018","19:45",2,"A","S/S",7.92,99.25,2.07,99.25,0.0700000000000003,-0.930000000000007,"C",7.2,0.4
"148","DH36","T4","11/08/2018","19:45",2,"A","S/S",7.92,99.25,2.07,99.25,0.0700000000000003,-0.930000000000007,"D",7.8,0.4
"149","DH36","T4","11/08/2018","19:45",2,"A","S/S",7.92,99.25,2.07,99.25,0.0700000000000003,-0.930000000000007,"E",7.6,0.1
"150","DH36","T4","11/08/2018","19:45",2,"A","S/S",7.92,99.25,2.07,99.25,0.0700000000000003,-0.930000000000007,"F",7.8,0.1
"151","DH36","T4","11/08/2018","19:45",2,"B","S/S",7.74,95.35,2.05,95.35,-0.369999999999999,-0.0099999999999909,"A",7.2,0.4
"152","DH36","T4","11/08/2018","19:45",2,"B","S/S",7.74,95.35,2.05,95.35,-0.369999999999999,-0.0099999999999909,"B",8.8,1
"153","DH36","T4","11/08/2018","19:45",2,"B","S/S",7.74,95.35,2.05,95.35,-0.369999999999999,-0.0099999999999909,"C",7.2,0.4
"154","DH36","T4","11/08/2018","19:45",2,"B","S/S",7.74,95.35,2.05,95.35,-0.369999999999999,-0.0099999999999909,"D",7.8,0.4
"155","DH36","T4","11/08/2018","19:45",2,"B","S/S",7.74,95.35,2.05,95.35,-0.369999999999999,-0.0099999999999909,"E",7.6,0.1
"156","DH36","T4","11/08/2018","19:45",2,"B","S/S",7.74,95.35,2.05,95.35,-0.369999999999999,-0.0099999999999909,"F",7.8,0.1
"157","DH36","T4","11/08/2018","19:45",2,"C","S/D",9.21,93.28,2.22,93.28,1.41,4.55,"A",7.2,0.4
"158","DH36","T4","11/08/2018","19:45",2,"C","S/D",9.21,93.28,2.22,93.28,1.41,4.55,"B",8.8,1
"159","DH36","T4","11/08/2018","19:45",2,"C","S/D",9.21,93.28,2.22,93.28,1.41,4.55,"C",7.2,0.4
"160","DH36","T4","11/08/2018","19:45",2,"C","S/D",9.21,93.28,2.22,93.28,1.41,4.55,"D",7.8,0.4
"161","DH36","T4","11/08/2018","19:45",2,"C","S/D",9.21,93.28,2.22,93.28,1.41,4.55,"E",7.6,0.1
"162","DH36","T4","11/08/2018","19:45",2,"C","S/D",9.21,93.28,2.22,93.28,1.41,4.55,"F",7.8,0.1
"163","DH36","T4","11/08/2018","19:45",2,"D","S/D",9.71,93.52,2.27,93.52,1.42,9.53,"A",7.2,0.4
"164","DH36","T4","11/08/2018","19:45",2,"D","S/D",9.71,93.52,2.27,93.52,1.42,9.53,"B",8.8,1
"165","DH36","T4","11/08/2018","19:45",2,"D","S/D",9.71,93.52,2.27,93.52,1.42,9.53,"C",7.2,0.4
"166","DH36","T4","11/08/2018","19:45",2,"D","S/D",9.71,93.52,2.27,93.52,1.42,9.53,"D",7.8,0.4
"167","DH36","T4","11/08/2018","19:45",2,"D","S/D",9.71,93.52,2.27,93.52,1.42,9.53,"E",7.6,0.1
"168","DH36","T4","11/08/2018","19:45",2,"D","S/D",9.71,93.52,2.27,93.52,1.42,9.53,"F",7.8,0.1
"169","DH36","T4","11/08/2018","19:45",2,"E","D/S",13.22,96.19,2.58,96.19,-4.51,1.32000000000001,"A",7.2,0.4
"170","DH36","T4","11/08/2018","19:45",2,"E","D/S",13.22,96.19,2.58,96.19,-4.51,1.32000000000001,"B",8.8,1
"171","DH36","T4","11/08/2018","19:45",2,"E","D/S",13.22,96.19,2.58,96.19,-4.51,1.32000000000001,"C",7.2,0.4
"172","DH36","T4","11/08/2018","19:45",2,"E","D/S",13.22,96.19,2.58,96.19,-4.51,1.32000000000001,"D",7.8,0.4
"173","DH36","T4","11/08/2018","19:45",2,"E","D/S",13.22,96.19,2.58,96.19,-4.51,1.32000000000001,"E",7.6,0.1
"174","DH36","T4","11/08/2018","19:45",2,"E","D/S",13.22,96.19,2.58,96.19,-4.51,1.32000000000001,"F",7.8,0.1
"175","DH36","T4","11/08/2018","19:45",2,"F","D/S",13.6,94.98,2.61,94.98,-3.91,2.41,"A",7.2,0.4
"176","DH36","T4","11/08/2018","19:45",2,"F","D/S",13.6,94.98,2.61,94.98,-3.91,2.41,"B",8.8,1
"177","DH36","T4","11/08/2018","19:45",2,"F","D/S",13.6,94.98,2.61,94.98,-3.91,2.41,"C",7.2,0.4
"178","DH36","T4","11/08/2018","19:45",2,"F","D/S",13.6,94.98,2.61,94.98,-3.91,2.41,"D",7.8,0.4
"179","DH36","T4","11/08/2018","19:45",2,"F","D/S",13.6,94.98,2.61,94.98,-3.91,2.41,"E",7.6,0.1
"180","DH36","T4","11/08/2018","19:45",2,"F","D/S",13.6,94.98,2.61,94.98,-3.91,2.41,"F",7.8,0.1
"181","DH36","T5","12/08/2018","13:00",2.72,"A","S/S",8.12,NA,2.09,98.1984210526316,0.27,0.12157894736842,"A",7.2,0.4
"182","DH36","T5","12/08/2018","13:00",2.72,"A","S/S",8.12,NA,2.09,98.1984210526316,0.27,0.12157894736842,"B",8.8,1
"183","DH36","T5","12/08/2018","13:00",2.72,"A","S/S",8.12,NA,2.09,98.1984210526316,0.27,0.12157894736842,"C",7.2,0.4
"184","DH36","T5","12/08/2018","13:00",2.72,"A","S/S",8.12,NA,2.09,98.1984210526316,0.27,0.12157894736842,"D",7.8,0.4
"185","DH36","T5","12/08/2018","13:00",2.72,"A","S/S",8.12,NA,2.09,98.1984210526316,0.27,0.12157894736842,"E",7.6,0.1
"186","DH36","T5","12/08/2018","13:00",2.72,"A","S/S",8.12,NA,2.09,98.1984210526316,0.27,0.12157894736842,"F",7.8,0.1
"187","DH36","T5","12/08/2018","13:00",2.72,"B","S/S",8.28,NA,2.11,94.9426315789474,0.17,0.397368421052633,"A",7.2,0.4
"188","DH36","T5","12/08/2018","13:00",2.72,"B","S/S",8.28,NA,2.11,94.9426315789474,0.17,0.397368421052633,"B",8.8,1
"189","DH36","T5","12/08/2018","13:00",2.72,"B","S/S",8.28,NA,2.11,94.9426315789474,0.17,0.397368421052633,"C",7.2,0.4
"190","DH36","T5","12/08/2018","13:00",2.72,"B","S/S",8.28,NA,2.11,94.9426315789474,0.17,0.397368421052633,"D",7.8,0.4
"191","DH36","T5","12/08/2018","13:00",2.72,"B","S/S",8.28,NA,2.11,94.9426315789474,0.17,0.397368421052633,"E",7.6,0.1
"192","DH36","T5","12/08/2018","13:00",2.72,"B","S/S",8.28,NA,2.11,94.9426315789474,0.17,0.397368421052633,"F",7.8,0.1
"193","DH36","T5","12/08/2018","13:00",2.72,"C","S/D",9.02,NA,2.2,93.0317894736842,1.22,4.79821052631578,"A",7.2,0.4
"194","DH36","T5","12/08/2018","13:00",2.72,"C","S/D",9.02,NA,2.2,93.0317894736842,1.22,4.79821052631578,"B",8.8,1
"195","DH36","T5","12/08/2018","13:00",2.72,"C","S/D",9.02,NA,2.2,93.0317894736842,1.22,4.79821052631578,"C",7.2,0.4
"196","DH36","T5","12/08/2018","13:00",2.72,"C","S/D",9.02,NA,2.2,93.0317894736842,1.22,4.79821052631578,"D",7.8,0.4
"197","DH36","T5","12/08/2018","13:00",2.72,"C","S/D",9.02,NA,2.2,93.0317894736842,1.22,4.79821052631578,"E",7.6,0.1
"198","DH36","T5","12/08/2018","13:00",2.72,"C","S/D",9.02,NA,2.2,93.0317894736842,1.22,4.79821052631578,"F",7.8,0.1
"199","DH36","T5","12/08/2018","13:00",2.72,"D","S/D",9.97,NA,2.3,93.052,1.68,9.998,"A",7.2,0.4
"200","DH36","T5","12/08/2018","13:00",2.72,"D","S/D",9.97,NA,2.3,93.052,1.68,9.998,"B",8.8,1
"201","DH36","T5","12/08/2018","13:00",2.72,"D","S/D",9.97,NA,2.3,93.052,1.68,9.998,"C",7.2,0.4
"202","DH36","T5","12/08/2018","13:00",2.72,"D","S/D",9.97,NA,2.3,93.052,1.68,9.998,"D",7.8,0.4
"203","DH36","T5","12/08/2018","13:00",2.72,"D","S/D",9.97,NA,2.3,93.052,1.68,9.998,"E",7.6,0.1
"204","DH36","T5","12/08/2018","13:00",2.72,"D","S/D",9.97,NA,2.3,93.052,1.68,9.998,"F",7.8,0.1
"205","DH36","T5","12/08/2018","13:00",2.72,"E","D/S",13.32,NA,2.59,95.7011578947368,-4.41,1.80884210526317,"A",7.2,0.4
"206","DH36","T5","12/08/2018","13:00",2.72,"E","D/S",13.32,NA,2.59,95.7011578947368,-4.41,1.80884210526317,"B",8.8,1
"207","DH36","T5","12/08/2018","13:00",2.72,"E","D/S",13.32,NA,2.59,95.7011578947368,-4.41,1.80884210526317,"C",7.2,0.4
"208","DH36","T5","12/08/2018","13:00",2.72,"E","D/S",13.32,NA,2.59,95.7011578947368,-4.41,1.80884210526317,"D",7.8,0.4
"209","DH36","T5","12/08/2018","13:00",2.72,"E","D/S",13.32,NA,2.59,95.7011578947368,-4.41,1.80884210526317,"E",7.6,0.1
"210","DH36","T5","12/08/2018","13:00",2.72,"E","D/S",13.32,NA,2.59,95.7011578947368,-4.41,1.80884210526317,"F",7.8,0.1
"211","DH36","T5","12/08/2018","13:00",2.72,"F","D/S",13.6,NA,2.61,93.7348235294118,-3.91,3.65517647058823,"A",7.2,0.4
"212","DH36","T5","12/08/2018","13:00",2.72,"F","D/S",13.6,NA,2.61,93.7348235294118,-3.91,3.65517647058823,"B",8.8,1
"213","DH36","T5","12/08/2018","13:00",2.72,"F","D/S",13.6,NA,2.61,93.7348235294118,-3.91,3.65517647058823,"C",7.2,0.4
"214","DH36","T5","12/08/2018","13:00",2.72,"F","D/S",13.6,NA,2.61,93.7348235294118,-3.91,3.65517647058823,"D",7.8,0.4
"215","DH36","T5","12/08/2018","13:00",2.72,"F","D/S",13.6,NA,2.61,93.7348235294118,-3.91,3.65517647058823,"E",7.6,0.1
"216","DH36","T5","12/08/2018","13:00",2.72,"F","D/S",13.6,NA,2.61,93.7348235294118,-3.91,3.65517647058823,"F",7.8,0.1
"217","DH36","T6","13/08/2018","13:00",3.72,"A","S/S",9,NA,2.2,96.7378947368421,1.15,1.58210526315789,"A",7.2,0.4
"218","DH36","T6","13/08/2018","13:00",3.72,"A","S/S",9,NA,2.2,96.7378947368421,1.15,1.58210526315789,"B",8.8,1
"219","DH36","T6","13/08/2018","13:00",3.72,"A","S/S",9,NA,2.2,96.7378947368421,1.15,1.58210526315789,"C",7.2,0.4
"220","DH36","T6","13/08/2018","13:00",3.72,"A","S/S",9,NA,2.2,96.7378947368421,1.15,1.58210526315789,"D",7.8,0.4
"221","DH36","T6","13/08/2018","13:00",3.72,"A","S/S",9,NA,2.2,96.7378947368421,1.15,1.58210526315789,"E",7.6,0.1
"222","DH36","T6","13/08/2018","13:00",3.72,"A","S/S",9,NA,2.2,96.7378947368421,1.15,1.58210526315789,"F",7.8,0.1
"223","DH36","T6","13/08/2018","13:00",3.72,"B","S/S",8.63,NA,2.16,94.3768421052632,0.520000000000001,0.963157894736852,"A",7.2,0.4
"224","DH36","T6","13/08/2018","13:00",3.72,"B","S/S",8.63,NA,2.16,94.3768421052632,0.520000000000001,0.963157894736852,"B",8.8,1
"225","DH36","T6","13/08/2018","13:00",3.72,"B","S/S",8.63,NA,2.16,94.3768421052632,0.520000000000001,0.963157894736852,"C",7.2,0.4
"226","DH36","T6","13/08/2018","13:00",3.72,"B","S/S",8.63,NA,2.16,94.3768421052632,0.520000000000001,0.963157894736852,"D",7.8,0.4
"227","DH36","T6","13/08/2018","13:00",3.72,"B","S/S",8.63,NA,2.16,94.3768421052632,0.520000000000001,0.963157894736852,"E",7.6,0.1
"228","DH36","T6","13/08/2018","13:00",3.72,"B","S/S",8.63,NA,2.16,94.3768421052632,0.520000000000001,0.963157894736852,"F",7.8,0.1
"229","DH36","T6","13/08/2018","13:00",3.72,"C","S/D",14.14,NA,2.65,92.687052631579,6.34,5.14294736842105,"A",7.2,0.4
"230","DH36","T6","13/08/2018","13:00",3.72,"C","S/D",14.14,NA,2.65,92.687052631579,6.34,5.14294736842105,"B",8.8,1
"231","DH36","T6","13/08/2018","13:00",3.72,"C","S/D",14.14,NA,2.65,92.687052631579,6.34,5.14294736842105,"C",7.2,0.4
"232","DH36","T6","13/08/2018","13:00",3.72,"C","S/D",14.14,NA,2.65,92.687052631579,6.34,5.14294736842105,"D",7.8,0.4
"233","DH36","T6","13/08/2018","13:00",3.72,"C","S/D",14.14,NA,2.65,92.687052631579,6.34,5.14294736842105,"E",7.6,0.1
"234","DH36","T6","13/08/2018","13:00",3.72,"C","S/D",14.14,NA,2.65,92.687052631579,6.34,5.14294736842105,"F",7.8,0.1
"235","DH36","T6","13/08/2018","13:00",3.72,"D","S/D",12.29,NA,2.51,92.402,4,10.648,"A",7.2,0.4
"236","DH36","T6","13/08/2018","13:00",3.72,"D","S/D",12.29,NA,2.51,92.402,4,10.648,"B",8.8,1
"237","DH36","T6","13/08/2018","13:00",3.72,"D","S/D",12.29,NA,2.51,92.402,4,10.648,"C",7.2,0.4
"238","DH36","T6","13/08/2018","13:00",3.72,"D","S/D",12.29,NA,2.51,92.402,4,10.648,"D",7.8,0.4
"239","DH36","T6","13/08/2018","13:00",3.72,"D","S/D",12.29,NA,2.51,92.402,4,10.648,"E",7.6,0.1
"240","DH36","T6","13/08/2018","13:00",3.72,"D","S/D",12.29,NA,2.51,92.402,4,10.648,"F",7.8,0.1
"241","DH36","T6","13/08/2018","13:00",3.72,"E","D/S",14.83,NA,2.7,95.0222105263158,-2.9,2.48778947368422,"A",7.2,0.4
"242","DH36","T6","13/08/2018","13:00",3.72,"E","D/S",14.83,NA,2.7,95.0222105263158,-2.9,2.48778947368422,"B",8.8,1
"243","DH36","T6","13/08/2018","13:00",3.72,"E","D/S",14.83,NA,2.7,95.0222105263158,-2.9,2.48778947368422,"C",7.2,0.4
"244","DH36","T6","13/08/2018","13:00",3.72,"E","D/S",14.83,NA,2.7,95.0222105263158,-2.9,2.48778947368422,"D",7.8,0.4
"245","DH36","T6","13/08/2018","13:00",3.72,"E","D/S",14.83,NA,2.7,95.0222105263158,-2.9,2.48778947368422,"E",7.6,0.1
"246","DH36","T6","13/08/2018","13:00",3.72,"E","D/S",14.83,NA,2.7,95.0222105263158,-2.9,2.48778947368422,"F",7.8,0.1
"247","DH36","T6","13/08/2018","13:00",3.72,"F","D/S",14.22,NA,2.65,92.0054117647059,-3.29,5.38458823529412,"A",7.2,0.4
"248","DH36","T6","13/08/2018","13:00",3.72,"F","D/S",14.22,NA,2.65,92.0054117647059,-3.29,5.38458823529412,"B",8.8,1
"249","DH36","T6","13/08/2018","13:00",3.72,"F","D/S",14.22,NA,2.65,92.0054117647059,-3.29,5.38458823529412,"C",7.2,0.4
"250","DH36","T6","13/08/2018","13:00",3.72,"F","D/S",14.22,NA,2.65,92.0054117647059,-3.29,5.38458823529412,"D",7.8,0.4
"251","DH36","T6","13/08/2018","13:00",3.72,"F","D/S",14.22,NA,2.65,92.0054117647059,-3.29,5.38458823529412,"E",7.6,0.1
"252","DH36","T6","13/08/2018","13:00",3.72,"F","D/S",14.22,NA,2.65,92.0054117647059,-3.29,5.38458823529412,"F",7.8,0.1
"253","DH36","T7","14/08/2018","9:00",4.55,"A","S/S",9.44,NA,2.24,95.5256578947368,1.59,2.79434210526315,"A",7.2,0.4
"254","DH36","T7","14/08/2018","9:00",4.55,"A","S/S",9.44,NA,2.24,95.5256578947368,1.59,2.79434210526315,"B",8.8,1
"255","DH36","T7","14/08/2018","9:00",4.55,"A","S/S",9.44,NA,2.24,95.5256578947368,1.59,2.79434210526315,"C",7.2,0.4
"256","DH36","T7","14/08/2018","9:00",4.55,"A","S/S",9.44,NA,2.24,95.5256578947368,1.59,2.79434210526315,"D",7.8,0.4
"257","DH36","T7","14/08/2018","9:00",4.55,"A","S/S",9.44,NA,2.24,95.5256578947368,1.59,2.79434210526315,"E",7.6,0.1
"258","DH36","T7","14/08/2018","9:00",4.55,"A","S/S",9.44,NA,2.24,95.5256578947368,1.59,2.79434210526315,"F",7.8,0.1
"259","DH36","T7","14/08/2018","9:00",4.55,"B","S/S",8.56,NA,2.15,93.9072368421053,0.450000000000001,1.43276315789474,"A",7.2,0.4
"260","DH36","T7","14/08/2018","9:00",4.55,"B","S/S",8.56,NA,2.15,93.9072368421053,0.450000000000001,1.43276315789474,"B",8.8,1
"261","DH36","T7","14/08/2018","9:00",4.55,"B","S/S",8.56,NA,2.15,93.9072368421053,0.450000000000001,1.43276315789474,"C",7.2,0.4
"262","DH36","T7","14/08/2018","9:00",4.55,"B","S/S",8.56,NA,2.15,93.9072368421053,0.450000000000001,1.43276315789474,"D",7.8,0.4
"263","DH36","T7","14/08/2018","9:00",4.55,"B","S/S",8.56,NA,2.15,93.9072368421053,0.450000000000001,1.43276315789474,"E",7.6,0.1
"264","DH36","T7","14/08/2018","9:00",4.55,"B","S/S",8.56,NA,2.15,93.9072368421053,0.450000000000001,1.43276315789474,"F",7.8,0.1
"265","DH36","T7","14/08/2018","9:00",4.55,"C","S/D",15.82,NA,2.76,92.4009210526316,8.02,5.42907894736842,"A",7.2,0.4
"266","DH36","T7","14/08/2018","9:00",4.55,"C","S/D",15.82,NA,2.76,92.4009210526316,8.02,5.42907894736842,"B",8.8,1
"267","DH36","T7","14/08/2018","9:00",4.55,"C","S/D",15.82,NA,2.76,92.4009210526316,8.02,5.42907894736842,"C",7.2,0.4
"268","DH36","T7","14/08/2018","9:00",4.55,"C","S/D",15.82,NA,2.76,92.4009210526316,8.02,5.42907894736842,"D",7.8,0.4
"269","DH36","T7","14/08/2018","9:00",4.55,"C","S/D",15.82,NA,2.76,92.4009210526316,8.02,5.42907894736842,"E",7.6,0.1
"270","DH36","T7","14/08/2018","9:00",4.55,"C","S/D",15.82,NA,2.76,92.4009210526316,8.02,5.42907894736842,"F",7.8,0.1
"271","DH36","T7","14/08/2018","9:00",4.55,"D","S/D",15.48,NA,2.74,91.8625,7.19,11.1875,"A",7.2,0.4
"272","DH36","T7","14/08/2018","9:00",4.55,"D","S/D",15.48,NA,2.74,91.8625,7.19,11.1875,"B",8.8,1
"273","DH36","T7","14/08/2018","9:00",4.55,"D","S/D",15.48,NA,2.74,91.8625,7.19,11.1875,"C",7.2,0.4
"274","DH36","T7","14/08/2018","9:00",4.55,"D","S/D",15.48,NA,2.74,91.8625,7.19,11.1875,"D",7.8,0.4
"275","DH36","T7","14/08/2018","9:00",4.55,"D","S/D",15.48,NA,2.74,91.8625,7.19,11.1875,"E",7.6,0.1
"276","DH36","T7","14/08/2018","9:00",4.55,"D","S/D",15.48,NA,2.74,91.8625,7.19,11.1875,"F",7.8,0.1
"277","DH36","T7","14/08/2018","9:00",4.55,"E","D/S",21.04,NA,3.05,94.4586842105263,3.31,3.05131578947369,"A",7.2,0.4
"278","DH36","T7","14/08/2018","9:00",4.55,"E","D/S",21.04,NA,3.05,94.4586842105263,3.31,3.05131578947369,"B",8.8,1
"279","DH36","T7","14/08/2018","9:00",4.55,"E","D/S",21.04,NA,3.05,94.4586842105263,3.31,3.05131578947369,"C",7.2,0.4
"280","DH36","T7","14/08/2018","9:00",4.55,"E","D/S",21.04,NA,3.05,94.4586842105263,3.31,3.05131578947369,"D",7.8,0.4
"281","DH36","T7","14/08/2018","9:00",4.55,"E","D/S",21.04,NA,3.05,94.4586842105263,3.31,3.05131578947369,"E",7.6,0.1
"282","DH36","T7","14/08/2018","9:00",4.55,"E","D/S",21.04,NA,3.05,94.4586842105263,3.31,3.05131578947369,"F",7.8,0.1
"283","DH36","T7","14/08/2018","9:00",4.55,"F","D/S",22.83,NA,3.13,90.57,5.32,6.81999999999999,"A",7.2,0.4
"284","DH36","T7","14/08/2018","9:00",4.55,"F","D/S",22.83,NA,3.13,90.57,5.32,6.81999999999999,"B",8.8,1
"285","DH36","T7","14/08/2018","9:00",4.55,"F","D/S",22.83,NA,3.13,90.57,5.32,6.81999999999999,"C",7.2,0.4
"286","DH36","T7","14/08/2018","9:00",4.55,"F","D/S",22.83,NA,3.13,90.57,5.32,6.81999999999999,"D",7.8,0.4
"287","DH36","T7","14/08/2018","9:00",4.55,"F","D/S",22.83,NA,3.13,90.57,5.32,6.81999999999999,"E",7.6,0.1
"288","DH36","T7","14/08/2018","9:00",4.55,"F","D/S",22.83,NA,3.13,90.57,5.32,6.81999999999999,"F",7.8,0.1
"289","DH36","T8","15/08/2018","15:00",5.8,"A","S/S",9.56,93.7,2.26,93.7,1.71,4.61999999999999,"A",7.2,0.4
"290","DH36","T8","15/08/2018","15:00",5.8,"A","S/S",9.56,93.7,2.26,93.7,1.71,4.61999999999999,"B",8.8,1
"291","DH36","T8","15/08/2018","15:00",5.8,"A","S/S",9.56,93.7,2.26,93.7,1.71,4.61999999999999,"C",7.2,0.4
"292","DH36","T8","15/08/2018","15:00",5.8,"A","S/S",9.56,93.7,2.26,93.7,1.71,4.61999999999999,"D",7.8,0.4
"293","DH36","T8","15/08/2018","15:00",5.8,"A","S/S",9.56,93.7,2.26,93.7,1.71,4.61999999999999,"E",7.6,0.1
"294","DH36","T8","15/08/2018","15:00",5.8,"A","S/S",9.56,93.7,2.26,93.7,1.71,4.61999999999999,"F",7.8,0.1
"295","DH36","T8","15/08/2018","15:00",5.8,"B","S/S",9.33,93.2,2.23,93.2,1.22,2.14,"A",7.2,0.4
"296","DH36","T8","15/08/2018","15:00",5.8,"B","S/S",9.33,93.2,2.23,93.2,1.22,2.14,"B",8.8,1
"297","DH36","T8","15/08/2018","15:00",5.8,"B","S/S",9.33,93.2,2.23,93.2,1.22,2.14,"C",7.2,0.4
"298","DH36","T8","15/08/2018","15:00",5.8,"B","S/S",9.33,93.2,2.23,93.2,1.22,2.14,"D",7.8,0.4
"299","DH36","T8","15/08/2018","15:00",5.8,"B","S/S",9.33,93.2,2.23,93.2,1.22,2.14,"E",7.6,0.1
"300","DH36","T8","15/08/2018","15:00",5.8,"B","S/S",9.33,93.2,2.23,93.2,1.22,2.14,"F",7.8,0.1
"301","DH36","T8","15/08/2018","15:00",5.8,"C","S/D",19.65,91.97,2.98,91.97,11.85,5.86,"A",7.2,0.4
"302","DH36","T8","15/08/2018","15:00",5.8,"C","S/D",19.65,91.97,2.98,91.97,11.85,5.86,"B",8.8,1
"303","DH36","T8","15/08/2018","15:00",5.8,"C","S/D",19.65,91.97,2.98,91.97,11.85,5.86,"C",7.2,0.4
"304","DH36","T8","15/08/2018","15:00",5.8,"C","S/D",19.65,91.97,2.98,91.97,11.85,5.86,"D",7.8,0.4
"305","DH36","T8","15/08/2018","15:00",5.8,"C","S/D",19.65,91.97,2.98,91.97,11.85,5.86,"E",7.6,0.1
"306","DH36","T8","15/08/2018","15:00",5.8,"C","S/D",19.65,91.97,2.98,91.97,11.85,5.86,"F",7.8,0.1
"307","DH36","T8","15/08/2018","15:00",5.8,"D","S/D",20.36,NA,3.01,91.05,12.07,12,"A",7.2,0.4
"308","DH36","T8","15/08/2018","15:00",5.8,"D","S/D",20.36,NA,3.01,91.05,12.07,12,"B",8.8,1
"309","DH36","T8","15/08/2018","15:00",5.8,"D","S/D",20.36,NA,3.01,91.05,12.07,12,"C",7.2,0.4
"310","DH36","T8","15/08/2018","15:00",5.8,"D","S/D",20.36,NA,3.01,91.05,12.07,12,"D",7.8,0.4
"311","DH36","T8","15/08/2018","15:00",5.8,"D","S/D",20.36,NA,3.01,91.05,12.07,12,"E",7.6,0.1
"312","DH36","T8","15/08/2018","15:00",5.8,"D","S/D",20.36,NA,3.01,91.05,12.07,12,"F",7.8,0.1
"313","DH36","T8","15/08/2018","15:00",5.8,"E","D/S",17.36,93.61,2.85,93.61,-0.370000000000001,3.90000000000001,"A",7.2,0.4
"314","DH36","T8","15/08/2018","15:00",5.8,"E","D/S",17.36,93.61,2.85,93.61,-0.370000000000001,3.90000000000001,"B",8.8,1
"315","DH36","T8","15/08/2018","15:00",5.8,"E","D/S",17.36,93.61,2.85,93.61,-0.370000000000001,3.90000000000001,"C",7.2,0.4
"316","DH36","T8","15/08/2018","15:00",5.8,"E","D/S",17.36,93.61,2.85,93.61,-0.370000000000001,3.90000000000001,"D",7.8,0.4
"317","DH36","T8","15/08/2018","15:00",5.8,"E","D/S",17.36,93.61,2.85,93.61,-0.370000000000001,3.90000000000001,"E",7.6,0.1
"318","DH36","T8","15/08/2018","15:00",5.8,"E","D/S",17.36,93.61,2.85,93.61,-0.370000000000001,3.90000000000001,"F",7.8,0.1
"319","DH36","T8","15/08/2018","15:00",5.8,"F","D/S",18.53,NA,2.92,88.4082352941176,1.02,8.98176470588236,"A",7.2,0.4
"320","DH36","T8","15/08/2018","15:00",5.8,"F","D/S",18.53,NA,2.92,88.4082352941176,1.02,8.98176470588236,"B",8.8,1
"321","DH36","T8","15/08/2018","15:00",5.8,"F","D/S",18.53,NA,2.92,88.4082352941176,1.02,8.98176470588236,"C",7.2,0.4
"322","DH36","T8","15/08/2018","15:00",5.8,"F","D/S",18.53,NA,2.92,88.4082352941176,1.02,8.98176470588236,"D",7.8,0.4
"323","DH36","T8","15/08/2018","15:00",5.8,"F","D/S",18.53,NA,2.92,88.4082352941176,1.02,8.98176470588236,"E",7.6,0.1
"324","DH36","T8","15/08/2018","15:00",5.8,"F","D/S",18.53,NA,2.92,88.4082352941176,1.02,8.98176470588236,"F",7.8,0.1
"325","DH36","T9","16/08/2018","14:30",6.78,"A","S/S",9.37,NA,2.24,92.4488666666667,1.52,5.87113333333332,"A",7.2,0.4
"326","DH36","T9","16/08/2018","14:30",6.78,"A","S/S",9.37,NA,2.24,92.4488666666667,1.52,5.87113333333332,"B",8.8,1
"327","DH36","T9","16/08/2018","14:30",6.78,"A","S/S",9.37,NA,2.24,92.4488666666667,1.52,5.87113333333332,"C",7.2,0.4
"328","DH36","T9","16/08/2018","14:30",6.78,"A","S/S",9.37,NA,2.24,92.4488666666667,1.52,5.87113333333332,"D",7.8,0.4
"329","DH36","T9","16/08/2018","14:30",6.78,"A","S/S",9.37,NA,2.24,92.4488666666667,1.52,5.87113333333332,"E",7.6,0.1
"330","DH36","T9","16/08/2018","14:30",6.78,"A","S/S",9.37,NA,2.24,92.4488666666667,1.52,5.87113333333332,"F",7.8,0.1
"331","DH36","T9","16/08/2018","14:30",6.78,"B","S/S",10.02,NA,2.3,91.1322,1.91,4.20780000000001,"A",7.2,0.4
"332","DH36","T9","16/08/2018","14:30",6.78,"B","S/S",10.02,NA,2.3,91.1322,1.91,4.20780000000001,"B",8.8,1
"333","DH36","T9","16/08/2018","14:30",6.78,"B","S/S",10.02,NA,2.3,91.1322,1.91,4.20780000000001,"C",7.2,0.4
"334","DH36","T9","16/08/2018","14:30",6.78,"B","S/S",10.02,NA,2.3,91.1322,1.91,4.20780000000001,"D",7.8,0.4
"335","DH36","T9","16/08/2018","14:30",6.78,"B","S/S",10.02,NA,2.3,91.1322,1.91,4.20780000000001,"E",7.6,0.1
"336","DH36","T9","16/08/2018","14:30",6.78,"B","S/S",10.02,NA,2.3,91.1322,1.91,4.20780000000001,"F",7.8,0.1
"337","DH36","T9","16/08/2018","14:30",6.78,"C","S/D",18.89,NA,2.94,91.5878,11.09,6.2422,"A",7.2,0.4
"338","DH36","T9","16/08/2018","14:30",6.78,"C","S/D",18.89,NA,2.94,91.5878,11.09,6.2422,"B",8.8,1
"339","DH36","T9","16/08/2018","14:30",6.78,"C","S/D",18.89,NA,2.94,91.5878,11.09,6.2422,"C",7.2,0.4
"340","DH36","T9","16/08/2018","14:30",6.78,"C","S/D",18.89,NA,2.94,91.5878,11.09,6.2422,"D",7.8,0.4
"341","DH36","T9","16/08/2018","14:30",6.78,"C","S/D",18.89,NA,2.94,91.5878,11.09,6.2422,"E",7.6,0.1
"342","DH36","T9","16/08/2018","14:30",6.78,"C","S/D",18.89,NA,2.94,91.5878,11.09,6.2422,"F",7.8,0.1
"343","DH36","T9","16/08/2018","14:30",6.78,"D","S/D",18.68,NA,2.93,90.413,10.39,12.637,"A",7.2,0.4
"344","DH36","T9","16/08/2018","14:30",6.78,"D","S/D",18.68,NA,2.93,90.413,10.39,12.637,"B",8.8,1
"345","DH36","T9","16/08/2018","14:30",6.78,"D","S/D",18.68,NA,2.93,90.413,10.39,12.637,"C",7.2,0.4
"346","DH36","T9","16/08/2018","14:30",6.78,"D","S/D",18.68,NA,2.93,90.413,10.39,12.637,"D",7.8,0.4
"347","DH36","T9","16/08/2018","14:30",6.78,"D","S/D",18.68,NA,2.93,90.413,10.39,12.637,"E",7.6,0.1
"348","DH36","T9","16/08/2018","14:30",6.78,"D","S/D",18.68,NA,2.93,90.413,10.39,12.637,"F",7.8,0.1
"349","DH36","T9","16/08/2018","14:30",6.78,"E","D/S",15.38,NA,2.73,90.7843333333333,-2.35,6.72566666666667,"A",7.2,0.4
"350","DH36","T9","16/08/2018","14:30",6.78,"E","D/S",15.38,NA,2.73,90.7843333333333,-2.35,6.72566666666667,"B",8.8,1
"351","DH36","T9","16/08/2018","14:30",6.78,"E","D/S",15.38,NA,2.73,90.7843333333333,-2.35,6.72566666666667,"C",7.2,0.4
"352","DH36","T9","16/08/2018","14:30",6.78,"E","D/S",15.38,NA,2.73,90.7843333333333,-2.35,6.72566666666667,"D",7.8,0.4
"353","DH36","T9","16/08/2018","14:30",6.78,"E","D/S",15.38,NA,2.73,90.7843333333333,-2.35,6.72566666666667,"E",7.6,0.1
"354","DH36","T9","16/08/2018","14:30",6.78,"E","D/S",15.38,NA,2.73,90.7843333333333,-2.35,6.72566666666667,"F",7.8,0.1
"355","DH36","T9","16/08/2018","14:30",6.78,"F","D/S",15.5,NA,2.74,86.7134117647059,-2.01,10.6765882352941,"A",7.2,0.4
"356","DH36","T9","16/08/2018","14:30",6.78,"F","D/S",15.5,NA,2.74,86.7134117647059,-2.01,10.6765882352941,"B",8.8,1
"357","DH36","T9","16/08/2018","14:30",6.78,"F","D/S",15.5,NA,2.74,86.7134117647059,-2.01,10.6765882352941,"C",7.2,0.4
"358","DH36","T9","16/08/2018","14:30",6.78,"F","D/S",15.5,NA,2.74,86.7134117647059,-2.01,10.6765882352941,"D",7.8,0.4
"359","DH36","T9","16/08/2018","14:30",6.78,"F","D/S",15.5,NA,2.74,86.7134117647059,-2.01,10.6765882352941,"E",7.6,0.1
"360","DH36","T9","16/08/2018","14:30",6.78,"F","D/S",15.5,NA,2.74,86.7134117647059,-2.01,10.6765882352941,"F",7.8,0.1
"361","DH36","T10","18/08/2018","15:00",8.8,"A","S/S",9.83,89.87,2.29,89.87,1.98,8.44999999999999,"A",7.2,0.4
"362","DH36","T10","18/08/2018","15:00",8.8,"A","S/S",9.83,89.87,2.29,89.87,1.98,8.44999999999999,"B",8.8,1
"363","DH36","T10","18/08/2018","15:00",8.8,"A","S/S",9.83,89.87,2.29,89.87,1.98,8.44999999999999,"C",7.2,0.4
"364","DH36","T10","18/08/2018","15:00",8.8,"A","S/S",9.83,89.87,2.29,89.87,1.98,8.44999999999999,"D",7.8,0.4
"365","DH36","T10","18/08/2018","15:00",8.8,"A","S/S",9.83,89.87,2.29,89.87,1.98,8.44999999999999,"E",7.6,0.1
"366","DH36","T10","18/08/2018","15:00",8.8,"A","S/S",9.83,89.87,2.29,89.87,1.98,8.44999999999999,"F",7.8,0.1
"367","DH36","T10","18/08/2018","15:00",8.8,"B","S/S",9.49,86.87,2.25,86.87,1.38,8.47,"A",7.2,0.4
"368","DH36","T10","18/08/2018","15:00",8.8,"B","S/S",9.49,86.87,2.25,86.87,1.38,8.47,"B",8.8,1
"369","DH36","T10","18/08/2018","15:00",8.8,"B","S/S",9.49,86.87,2.25,86.87,1.38,8.47,"C",7.2,0.4
"370","DH36","T10","18/08/2018","15:00",8.8,"B","S/S",9.49,86.87,2.25,86.87,1.38,8.47,"D",7.8,0.4
"371","DH36","T10","18/08/2018","15:00",8.8,"B","S/S",9.49,86.87,2.25,86.87,1.38,8.47,"E",7.6,0.1
"372","DH36","T10","18/08/2018","15:00",8.8,"B","S/S",9.49,86.87,2.25,86.87,1.38,8.47,"F",7.8,0.1
"373","DH36","T10","18/08/2018","15:00",8.8,"C","S/D",16.92,90.8,2.83,90.8,9.12,7.03,"A",7.2,0.4
"374","DH36","T10","18/08/2018","15:00",8.8,"C","S/D",16.92,90.8,2.83,90.8,9.12,7.03,"B",8.8,1
"375","DH36","T10","18/08/2018","15:00",8.8,"C","S/D",16.92,90.8,2.83,90.8,9.12,7.03,"C",7.2,0.4
"376","DH36","T10","18/08/2018","15:00",8.8,"C","S/D",16.92,90.8,2.83,90.8,9.12,7.03,"D",7.8,0.4
"377","DH36","T10","18/08/2018","15:00",8.8,"C","S/D",16.92,90.8,2.83,90.8,9.12,7.03,"E",7.6,0.1
"378","DH36","T10","18/08/2018","15:00",8.8,"C","S/D",16.92,90.8,2.83,90.8,9.12,7.03,"F",7.8,0.1
"379","DH36","T10","18/08/2018","15:00",8.8,"D","S/D",17.1,89.1,2.84,89.1,8.81,13.95,"A",7.2,0.4
"380","DH36","T10","18/08/2018","15:00",8.8,"D","S/D",17.1,89.1,2.84,89.1,8.81,13.95,"B",8.8,1
"381","DH36","T10","18/08/2018","15:00",8.8,"D","S/D",17.1,89.1,2.84,89.1,8.81,13.95,"C",7.2,0.4
"382","DH36","T10","18/08/2018","15:00",8.8,"D","S/D",17.1,89.1,2.84,89.1,8.81,13.95,"D",7.8,0.4
"383","DH36","T10","18/08/2018","15:00",8.8,"D","S/D",17.1,89.1,2.84,89.1,8.81,13.95,"E",7.6,0.1
"384","DH36","T10","18/08/2018","15:00",8.8,"D","S/D",17.1,89.1,2.84,89.1,8.81,13.95,"F",7.8,0.1
"385","DH36","T10","18/08/2018","15:00",8.8,"E","D/S",14.96,84.96,2.71,84.96,-2.77,12.55,"A",7.2,0.4
"386","DH36","T10","18/08/2018","15:00",8.8,"E","D/S",14.96,84.96,2.71,84.96,-2.77,12.55,"B",8.8,1
"387","DH36","T10","18/08/2018","15:00",8.8,"E","D/S",14.96,84.96,2.71,84.96,-2.77,12.55,"C",7.2,0.4
"388","DH36","T10","18/08/2018","15:00",8.8,"E","D/S",14.96,84.96,2.71,84.96,-2.77,12.55,"D",7.8,0.4
"389","DH36","T10","18/08/2018","15:00",8.8,"E","D/S",14.96,84.96,2.71,84.96,-2.77,12.55,"E",7.6,0.1
"390","DH36","T10","18/08/2018","15:00",8.8,"E","D/S",14.96,84.96,2.71,84.96,-2.77,12.55,"F",7.8,0.1
"391","DH36","T10","18/08/2018","15:00",8.8,"F","D/S",14.37,83.22,2.67,83.22,-3.14,14.17,"A",7.2,0.4
"392","DH36","T10","18/08/2018","15:00",8.8,"F","D/S",14.37,83.22,2.67,83.22,-3.14,14.17,"B",8.8,1
"393","DH36","T10","18/08/2018","15:00",8.8,"F","D/S",14.37,83.22,2.67,83.22,-3.14,14.17,"C",7.2,0.4
"394","DH36","T10","18/08/2018","15:00",8.8,"F","D/S",14.37,83.22,2.67,83.22,-3.14,14.17,"D",7.8,0.4
"395","DH36","T10","18/08/2018","15:00",8.8,"F","D/S",14.37,83.22,2.67,83.22,-3.14,14.17,"E",7.6,0.1
"396","DH36","T10","18/08/2018","15:00",8.8,"F","D/S",14.37,83.22,2.67,83.22,-3.14,14.17,"F",7.8,0.1
"397","DH36","T11","21/08/2018","16:30",11.86,"A","S/S",10.22,90.58,2.32,90.58,2.37,7.74,"A",7.2,0.4
"398","DH36","T11","21/08/2018","16:30",11.86,"A","S/S",10.22,90.58,2.32,90.58,2.37,7.74,"B",8.8,1
"399","DH36","T11","21/08/2018","16:30",11.86,"A","S/S",10.22,90.58,2.32,90.58,2.37,7.74,"C",7.2,0.4
"400","DH36","T11","21/08/2018","16:30",11.86,"A","S/S",10.22,90.58,2.32,90.58,2.37,7.74,"D",7.8,0.4
"401","DH36","T11","21/08/2018","16:30",11.86,"A","S/S",10.22,90.58,2.32,90.58,2.37,7.74,"E",7.6,0.1
"402","DH36","T11","21/08/2018","16:30",11.86,"A","S/S",10.22,90.58,2.32,90.58,2.37,7.74,"F",7.8,0.1
"403","DH36","T11","21/08/2018","16:30",11.86,"B","S/S",9.91,90.41,2.29,90.41,1.8,4.93000000000001,"A",7.2,0.4
"404","DH36","T11","21/08/2018","16:30",11.86,"B","S/S",9.91,90.41,2.29,90.41,1.8,4.93000000000001,"B",8.8,1
"405","DH36","T11","21/08/2018","16:30",11.86,"B","S/S",9.91,90.41,2.29,90.41,1.8,4.93000000000001,"C",7.2,0.4
"406","DH36","T11","21/08/2018","16:30",11.86,"B","S/S",9.91,90.41,2.29,90.41,1.8,4.93000000000001,"D",7.8,0.4
"407","DH36","T11","21/08/2018","16:30",11.86,"B","S/S",9.91,90.41,2.29,90.41,1.8,4.93000000000001,"E",7.6,0.1
"408","DH36","T11","21/08/2018","16:30",11.86,"B","S/S",9.91,90.41,2.29,90.41,1.8,4.93000000000001,"F",7.8,0.1
"409","DH36","T11","21/08/2018","16:30",11.86,"C","S/D",14.83,87.66,2.7,87.66,7.03,10.17,"A",7.2,0.4
"410","DH36","T11","21/08/2018","16:30",11.86,"C","S/D",14.83,87.66,2.7,87.66,7.03,10.17,"B",8.8,1
"411","DH36","T11","21/08/2018","16:30",11.86,"C","S/D",14.83,87.66,2.7,87.66,7.03,10.17,"C",7.2,0.4
"412","DH36","T11","21/08/2018","16:30",11.86,"C","S/D",14.83,87.66,2.7,87.66,7.03,10.17,"D",7.8,0.4
"413","DH36","T11","21/08/2018","16:30",11.86,"C","S/D",14.83,87.66,2.7,87.66,7.03,10.17,"E",7.6,0.1
"414","DH36","T11","21/08/2018","16:30",11.86,"C","S/D",14.83,87.66,2.7,87.66,7.03,10.17,"F",7.8,0.1
"415","DH36","T11","21/08/2018","16:30",11.86,"D","S/D",14.56,86.18,2.68,86.18,6.27,16.87,"A",7.2,0.4
"416","DH36","T11","21/08/2018","16:30",11.86,"D","S/D",14.56,86.18,2.68,86.18,6.27,16.87,"B",8.8,1
"417","DH36","T11","21/08/2018","16:30",11.86,"D","S/D",14.56,86.18,2.68,86.18,6.27,16.87,"C",7.2,0.4
"418","DH36","T11","21/08/2018","16:30",11.86,"D","S/D",14.56,86.18,2.68,86.18,6.27,16.87,"D",7.8,0.4
"419","DH36","T11","21/08/2018","16:30",11.86,"D","S/D",14.56,86.18,2.68,86.18,6.27,16.87,"E",7.6,0.1
"420","DH36","T11","21/08/2018","16:30",11.86,"D","S/D",14.56,86.18,2.68,86.18,6.27,16.87,"F",7.8,0.1
"421","DH36","T11","21/08/2018","16:30",11.86,"E","D/S",14.44,87.15,2.67,87.15,-3.29,10.36,"A",7.2,0.4
"422","DH36","T11","21/08/2018","16:30",11.86,"E","D/S",14.44,87.15,2.67,87.15,-3.29,10.36,"B",8.8,1
"423","DH36","T11","21/08/2018","16:30",11.86,"E","D/S",14.44,87.15,2.67,87.15,-3.29,10.36,"C",7.2,0.4
"424","DH36","T11","21/08/2018","16:30",11.86,"E","D/S",14.44,87.15,2.67,87.15,-3.29,10.36,"D",7.8,0.4
"425","DH36","T11","21/08/2018","16:30",11.86,"E","D/S",14.44,87.15,2.67,87.15,-3.29,10.36,"E",7.6,0.1
"426","DH36","T11","21/08/2018","16:30",11.86,"E","D/S",14.44,87.15,2.67,87.15,-3.29,10.36,"F",7.8,0.1
"427","DH36","T11","21/08/2018","16:30",11.86,"F","D/S",14.39,88.06,2.67,88.06,-3.12,9.33,"A",7.2,0.4
"428","DH36","T11","21/08/2018","16:30",11.86,"F","D/S",14.39,88.06,2.67,88.06,-3.12,9.33,"B",8.8,1
"429","DH36","T11","21/08/2018","16:30",11.86,"F","D/S",14.39,88.06,2.67,88.06,-3.12,9.33,"C",7.2,0.4
"430","DH36","T11","21/08/2018","16:30",11.86,"F","D/S",14.39,88.06,2.67,88.06,-3.12,9.33,"D",7.8,0.4
"431","DH36","T11","21/08/2018","16:30",11.86,"F","D/S",14.39,88.06,2.67,88.06,-3.12,9.33,"E",7.6,0.1
"432","DH36","T11","21/08/2018","16:30",11.86,"F","D/S",14.39,88.06,2.67,88.06,-3.12,9.33,"F",7.8,0.1
"433","DH36","T12","26/08/2018","16:30",16.86,"A","S/S",8.15,NA,2.1,87.406280623608,0.300000000000001,10.913719376392,"A",7.2,0.4
"434","DH36","T12","26/08/2018","16:30",16.86,"A","S/S",8.15,NA,2.1,87.406280623608,0.300000000000001,10.913719376392,"B",8.8,1
"435","DH36","T12","26/08/2018","16:30",16.86,"A","S/S",8.15,NA,2.1,87.406280623608,0.300000000000001,10.913719376392,"C",7.2,0.4
"436","DH36","T12","26/08/2018","16:30",16.86,"A","S/S",8.15,NA,2.1,87.406280623608,0.300000000000001,10.913719376392,"D",7.8,0.4
"437","DH36","T12","26/08/2018","16:30",16.86,"A","S/S",8.15,NA,2.1,87.406280623608,0.300000000000001,10.913719376392,"E",7.6,0.1
"438","DH36","T12","26/08/2018","16:30",16.86,"A","S/S",8.15,NA,2.1,87.406280623608,0.300000000000001,10.913719376392,"F",7.8,0.1
"439","DH36","T12","26/08/2018","16:30",16.86,"B","S/S",9.35,NA,2.24,84.6806013363029,1.24,10.6593986636971,"A",7.2,0.4
"440","DH36","T12","26/08/2018","16:30",16.86,"B","S/S",9.35,NA,2.24,84.6806013363029,1.24,10.6593986636971,"B",8.8,1
"441","DH36","T12","26/08/2018","16:30",16.86,"B","S/S",9.35,NA,2.24,84.6806013363029,1.24,10.6593986636971,"C",7.2,0.4
"442","DH36","T12","26/08/2018","16:30",16.86,"B","S/S",9.35,NA,2.24,84.6806013363029,1.24,10.6593986636971,"D",7.8,0.4
"443","DH36","T12","26/08/2018","16:30",16.86,"B","S/S",9.35,NA,2.24,84.6806013363029,1.24,10.6593986636971,"E",7.6,0.1
"444","DH36","T12","26/08/2018","16:30",16.86,"B","S/S",9.35,NA,2.24,84.6806013363029,1.24,10.6593986636971,"F",7.8,0.1
"445","DH36","T12","26/08/2018","16:30",16.86,"C","S/D",14.17,NA,2.65,85.1377282850779,6.37,12.6922717149221,"A",7.2,0.4
"446","DH36","T12","26/08/2018","16:30",16.86,"C","S/D",14.17,NA,2.65,85.1377282850779,6.37,12.6922717149221,"B",8.8,1
"447","DH36","T12","26/08/2018","16:30",16.86,"C","S/D",14.17,NA,2.65,85.1377282850779,6.37,12.6922717149221,"C",7.2,0.4
"448","DH36","T12","26/08/2018","16:30",16.86,"C","S/D",14.17,NA,2.65,85.1377282850779,6.37,12.6922717149221,"D",7.8,0.4
"449","DH36","T12","26/08/2018","16:30",16.86,"C","S/D",14.17,NA,2.65,85.1377282850779,6.37,12.6922717149221,"E",7.6,0.1
"450","DH36","T12","26/08/2018","16:30",16.86,"C","S/D",14.17,NA,2.65,85.1377282850779,6.37,12.6922717149221,"F",7.8,0.1
"451","DH36","T12","26/08/2018","16:30",16.86,"D","S/D",14.44,NA,2.67,82.4383518930958,6.15,20.6116481069042,"A",7.2,0.4
"452","DH36","T12","26/08/2018","16:30",16.86,"D","S/D",14.44,NA,2.67,82.4383518930958,6.15,20.6116481069042,"B",8.8,1
"453","DH36","T12","26/08/2018","16:30",16.86,"D","S/D",14.44,NA,2.67,82.4383518930958,6.15,20.6116481069042,"C",7.2,0.4
"454","DH36","T12","26/08/2018","16:30",16.86,"D","S/D",14.44,NA,2.67,82.4383518930958,6.15,20.6116481069042,"D",7.8,0.4
"455","DH36","T12","26/08/2018","16:30",16.86,"D","S/D",14.44,NA,2.67,82.4383518930958,6.15,20.6116481069042,"E",7.6,0.1
"456","DH36","T12","26/08/2018","16:30",16.86,"D","S/D",14.44,NA,2.67,82.4383518930958,6.15,20.6116481069042,"F",7.8,0.1
"457","DH36","T12","26/08/2018","16:30",16.86,"E","D/S",15.03,NA,2.71,85.552004454343,-2.7,11.957995545657,"A",7.2,0.4
"458","DH36","T12","26/08/2018","16:30",16.86,"E","D/S",15.03,NA,2.71,85.552004454343,-2.7,11.957995545657,"B",8.8,1
"459","DH36","T12","26/08/2018","16:30",16.86,"E","D/S",15.03,NA,2.71,85.552004454343,-2.7,11.957995545657,"C",7.2,0.4
"460","DH36","T12","26/08/2018","16:30",16.86,"E","D/S",15.03,NA,2.71,85.552004454343,-2.7,11.957995545657,"D",7.8,0.4
"461","DH36","T12","26/08/2018","16:30",16.86,"E","D/S",15.03,NA,2.71,85.552004454343,-2.7,11.957995545657,"E",7.6,0.1
"462","DH36","T12","26/08/2018","16:30",16.86,"E","D/S",15.03,NA,2.71,85.552004454343,-2.7,11.957995545657,"F",7.8,0.1
"463","DH36","T12","26/08/2018","16:30",16.86,"F","D/S",14.59,NA,2.68,84.7637861915368,-2.92,12.6262138084632,"A",7.2,0.4
"464","DH36","T12","26/08/2018","16:30",16.86,"F","D/S",14.59,NA,2.68,84.7637861915368,-2.92,12.6262138084632,"B",8.8,1
"465","DH36","T12","26/08/2018","16:30",16.86,"F","D/S",14.59,NA,2.68,84.7637861915368,-2.92,12.6262138084632,"C",7.2,0.4
"466","DH36","T12","26/08/2018","16:30",16.86,"F","D/S",14.59,NA,2.68,84.7637861915368,-2.92,12.6262138084632,"D",7.8,0.4
"467","DH36","T12","26/08/2018","16:30",16.86,"F","D/S",14.59,NA,2.68,84.7637861915368,-2.92,12.6262138084632,"E",7.6,0.1
"468","DH36","T12","26/08/2018","16:30",16.86,"F","D/S",14.59,NA,2.68,84.7637861915368,-2.92,12.6262138084632,"F",7.8,0.1
"469","DH36","T13","30/08/2018","16:00",20.84,"A","S/S",8.24,84.88,2.11,84.88,0.390000000000001,13.44,"A",7.2,0.4
"470","DH36","T13","30/08/2018","16:00",20.84,"A","S/S",8.24,84.88,2.11,84.88,0.390000000000001,13.44,"B",8.8,1
"471","DH36","T13","30/08/2018","16:00",20.84,"A","S/S",8.24,84.88,2.11,84.88,0.390000000000001,13.44,"C",7.2,0.4
"472","DH36","T13","30/08/2018","16:00",20.84,"A","S/S",8.24,84.88,2.11,84.88,0.390000000000001,13.44,"D",7.8,0.4
"473","DH36","T13","30/08/2018","16:00",20.84,"A","S/S",8.24,84.88,2.11,84.88,0.390000000000001,13.44,"E",7.6,0.1
"474","DH36","T13","30/08/2018","16:00",20.84,"A","S/S",8.24,84.88,2.11,84.88,0.390000000000001,13.44,"F",7.8,0.1
"475","DH36","T13","30/08/2018","16:00",20.84,"B","S/S",9.21,80.12,2.22,80.12,1.1,15.22,"A",7.2,0.4
"476","DH36","T13","30/08/2018","16:00",20.84,"B","S/S",9.21,80.12,2.22,80.12,1.1,15.22,"B",8.8,1
"477","DH36","T13","30/08/2018","16:00",20.84,"B","S/S",9.21,80.12,2.22,80.12,1.1,15.22,"C",7.2,0.4
"478","DH36","T13","30/08/2018","16:00",20.84,"B","S/S",9.21,80.12,2.22,80.12,1.1,15.22,"D",7.8,0.4
"479","DH36","T13","30/08/2018","16:00",20.84,"B","S/S",9.21,80.12,2.22,80.12,1.1,15.22,"E",7.6,0.1
"480","DH36","T13","30/08/2018","16:00",20.84,"B","S/S",9.21,80.12,2.22,80.12,1.1,15.22,"F",7.8,0.1
"481","DH36","T13","30/08/2018","16:00",20.84,"C","S/D",14.22,83.13,2.65,83.13,6.42,14.7,"A",7.2,0.4
"482","DH36","T13","30/08/2018","16:00",20.84,"C","S/D",14.22,83.13,2.65,83.13,6.42,14.7,"B",8.8,1
"483","DH36","T13","30/08/2018","16:00",20.84,"C","S/D",14.22,83.13,2.65,83.13,6.42,14.7,"C",7.2,0.4
"484","DH36","T13","30/08/2018","16:00",20.84,"C","S/D",14.22,83.13,2.65,83.13,6.42,14.7,"D",7.8,0.4
"485","DH36","T13","30/08/2018","16:00",20.84,"C","S/D",14.22,83.13,2.65,83.13,6.42,14.7,"E",7.6,0.1
"486","DH36","T13","30/08/2018","16:00",20.84,"C","S/D",14.22,83.13,2.65,83.13,6.42,14.7,"F",7.8,0.1
"487","DH36","T13","30/08/2018","16:00",20.84,"D","S/D",13.9,79.46,2.63,79.46,5.61,23.59,"A",7.2,0.4
"488","DH36","T13","30/08/2018","16:00",20.84,"D","S/D",13.9,79.46,2.63,79.46,5.61,23.59,"B",8.8,1
"489","DH36","T13","30/08/2018","16:00",20.84,"D","S/D",13.9,79.46,2.63,79.46,5.61,23.59,"C",7.2,0.4
"490","DH36","T13","30/08/2018","16:00",20.84,"D","S/D",13.9,79.46,2.63,79.46,5.61,23.59,"D",7.8,0.4
"491","DH36","T13","30/08/2018","16:00",20.84,"D","S/D",13.9,79.46,2.63,79.46,5.61,23.59,"E",7.6,0.1
"492","DH36","T13","30/08/2018","16:00",20.84,"D","S/D",13.9,79.46,2.63,79.46,5.61,23.59,"F",7.8,0.1
"493","DH36","T13","30/08/2018","16:00",20.84,"E","D/S",12.76,84.28,2.55,84.28,-4.97,13.23,"A",7.2,0.4
"494","DH36","T13","30/08/2018","16:00",20.84,"E","D/S",12.76,84.28,2.55,84.28,-4.97,13.23,"B",8.8,1
"495","DH36","T13","30/08/2018","16:00",20.84,"E","D/S",12.76,84.28,2.55,84.28,-4.97,13.23,"C",7.2,0.4
"496","DH36","T13","30/08/2018","16:00",20.84,"E","D/S",12.76,84.28,2.55,84.28,-4.97,13.23,"D",7.8,0.4
"497","DH36","T13","30/08/2018","16:00",20.84,"E","D/S",12.76,84.28,2.55,84.28,-4.97,13.23,"E",7.6,0.1
"498","DH36","T13","30/08/2018","16:00",20.84,"E","D/S",12.76,84.28,2.55,84.28,-4.97,13.23,"F",7.8,0.1
"499","DH36","T13","30/08/2018","16:00",20.84,"F","D/S",11.96,82.14,2.48,82.14,-5.55,15.25,"A",7.2,0.4
"500","DH36","T13","30/08/2018","16:00",20.84,"F","D/S",11.96,82.14,2.48,82.14,-5.55,15.25,"B",8.8,1
"501","DH36","T13","30/08/2018","16:00",20.84,"F","D/S",11.96,82.14,2.48,82.14,-5.55,15.25,"C",7.2,0.4
"502","DH36","T13","30/08/2018","16:00",20.84,"F","D/S",11.96,82.14,2.48,82.14,-5.55,15.25,"D",7.8,0.4
"503","DH36","T13","30/08/2018","16:00",20.84,"F","D/S",11.96,82.14,2.48,82.14,-5.55,15.25,"E",7.6,0.1
"504","DH36","T13","30/08/2018","16:00",20.84,"F","D/S",11.96,82.14,2.48,82.14,-5.55,15.25,"F",7.8,0.1
